,Name,Type,Level,Rarity,Damage,Health,Energy,Sanity,Timestamp
0,Dracolich,Undead,2,Rank 4,2d10+1,16.47,23.41,19.79,2023-03-12 19:20:20
1,Nightmare,Demonic,11,Rank 2,11d6+3,64.85,67.91,63.1,2023-03-12 19:20:20
2,Lightning Spirit,Fey,13,Rank 1,13d4+2,51.43,51.24,52.72,2023-03-12 19:20:20
3,Dust Elemental,Elemental,10,Rank 2,10d6,58.03,61.99,62.52,2023-03-12 19:20:20
4,Hook Horror,Demonic,1,Rank 0,1d2+2,2.34,2.24,2.68,2023-03-12 19:20:20
5,Kobold Villager,Devilkin,15,Rank 4,15d10+3,146.39,153.44,148.6,2023-03-12 19:20:20
6,Poltergeist,Undead,2,Rank 0,2d2+4,3.52,3.93,3.75,2023-03-12 19:20:20
7,Balor,Demonic,3,Rank 0,3d2+3,6.4,5.01,6.13,2023-03-12 19:20:20
8,Kobold Archer,Devilkin,7,Rank 3,7d8+3,55.95,58.32,52.4,2023-03-12 19:20:20
9,Zombie Mage,Undead,3,Rank 3,3d8,25.42,25.61,21.54,2023-03-12 19:20:20
10,Diamond Dragon,Dragon,10,Rank 2,10d6,59.74,60.0,58.63,2023-03-12 19:20:20
11,Djinni,Elemental,5,Rank 3,5d8+4,41.12,36.23,39.09,2023-03-12 19:20:21
12,Copper Demon,Demonic,10,Rank 1,10d4,40.1,41.0,40.83,2023-03-12 19:20:21
13,Blue Archfey,Fey,10,Rank 5,10d12+2,115.75,119.22,116.79,2023-03-12 19:20:21
14,Mummy,Undead,9,Rank 1,9d4+2,37.64,36.69,36.41,2023-03-12 19:20:21
15,Pseudodragon,Dragon,16,Rank 2,16d6+2,96.07,94.46,95.25,2023-03-12 19:20:21
16,Kobold Knight,Devilkin,5,Rank 1,5d4+1,19.66,19.53,18.61,2023-03-12 19:20:21
17,Banshee,Undead,9,Rank 4,9d10+1,89.36,92.98,85.26,2023-03-12 19:20:21
18,Night Hag,Demonic,5,Rank 4,5d10+2,53.74,45.84,46.04,2023-03-12 19:20:21
19,Shadow Archfey,Fey,3,Rank 1,3d4,11.99,13.73,10.52,2023-03-12 19:20:21
20,Djinni,Elemental,12,Rank 0,12d2,24.7,24.57,24.37,2023-03-12 19:20:21
21,Night Hag,Demonic,15,Rank 0,15d2,30.17,30.7,30.04,2023-03-12 19:20:21
22,Emerald Wyrmling,Dragon,12,Rank 2,12d6,70.87,71.46,69.48,2023-03-12 19:20:21
23,Steam Mephit,Elemental,8,Rank 1,8d4+2,30.67,31.35,31.18,2023-03-12 19:20:21
24,Imp,Demonic,2,Rank 1,2d4,6.98,7.4,8.19,2023-03-12 19:20:21
25,Sapphire Archfey,Fey,4,Rank 0,4d2+1,8.32,7.3,7.21,2023-03-12 19:20:21
26,Pit Lord,Devilkin,3,Rank 0,3d2,6.56,5.4,6.87,2023-03-12 19:20:21
27,Pit Fiend,Demonic,8,Rank 3,8d8,64.18,61.34,62.83,2023-03-12 19:20:21
28,Bronze Faerie,Fey,8,Rank 0,8d2,16.36,15.4,16.52,2023-03-12 19:20:21
29,Djinni,Elemental,9,Rank 1,9d4+1,34.65,36.31,35.03,2023-03-12 19:20:21
30,Onyx Demon,Demonic,14,Rank 0,14d2+2,28.67,27.8,27.46,2023-03-12 19:20:21
31,Wyvern,Dragon,4,Rank 0,4d2,8.72,8.74,8.52,2023-03-12 19:20:21
32,Succubus,Devilkin,2,Rank 1,2d4+1,8.94,6.24,6.48,2023-03-12 19:20:21
33,Ghostly Guard,Undead,3,Rank 0,3d2,6.34,5.57,6.98,2023-03-12 19:20:21
34,Faerie Dragon,Dragon,6,Rank 0,6d2+1,11.41,12.62,12.51,2023-03-12 19:20:21
35,Sapphire Faerie,Fey,11,Rank 1,11d4,43.05,44.84,44.14,2023-03-12 19:20:21
36,Djinni,Elemental,4,Rank 1,4d4+1,14.64,16.9,17.65,2023-03-12 19:20:21
37,Bronze Dragon,Dragon,7,Rank 0,7d2+2,13.72,14.64,13.63,2023-03-12 19:20:21
38,Succubus,Devilkin,16,Rank 1,16d4,62.56,65.97,63.39,2023-03-12 19:20:21
39,Smoke Elemental,Elemental,9,Rank 1,9d4+2,34.86,36.53,34.86,2023-03-12 19:20:21
40,Emerald Dragon,Dragon,8,Rank 0,8d2+1,15.8,16.12,16.82,2023-03-12 19:20:21
41,Goblin Villager,Devilkin,11,Rank 1,11d4+1,44.85,43.07,45.47,2023-03-12 19:20:21
42,Poltergeist,Undead,5,Rank 3,5d8+1,40.16,40.8,38.55,2023-03-12 19:20:21
43,Sapphire Dragon,Dragon,15,Rank 1,15d4+4,59.35,60.35,59.86,2023-03-12 19:20:21
44,Spore Archfey,Fey,13,Rank 0,13d2+2,26.55,26.19,26.13,2023-03-12 19:20:22
45,Lich,Undead,8,Rank 1,8d4+3,31.52,30.75,30.1,2023-03-12 19:20:22
46,Bronze Dragon,Dragon,6,Rank 1,6d4,23.26,23.28,24.37,2023-03-12 19:20:22
47,Incubus,Devilkin,8,Rank 0,8d2+2,15.01,16.81,15.49,2023-03-12 19:20:22
48,Death Knight,Undead,17,Rank 3,17d8+4,135.66,133.04,138.77,2023-03-12 19:20:22
49,Pseudodragon,Dragon,10,Rank 0,10d2,19.91,20.16,20.88,2023-03-12 19:20:22
50,Lightning Spirit,Fey,17,Rank 4,17d10+1,171.71,169.14,166.55,2023-03-12 19:20:22
51,Djinni,Elemental,4,Rank 2,4d6+1,22.79,23.09,22.48,2023-03-12 19:20:22
52,Balor,Demonic,3,Rank 1,3d4+1,12.75,13.62,11.9,2023-03-12 19:20:22
53,Faerie Dragon,Dragon,6,Rank 0,6d2+3,12.21,12.21,12.0,2023-03-12 19:20:22
54,White Archfey,Fey,7,Rank 0,7d2,13.84,13.37,14.32,2023-03-12 19:20:22
55,Dust Mephit,Elemental,2,Rank 0,2d2+2,3.49,3.05,3.17,2023-03-12 19:20:22
56,Lich,Undead,9,Rank 3,9d8+3,71.97,72.66,74.86,2023-03-12 19:20:22
57,Flame Spirit,Fey,4,Rank 1,4d4+2,15.63,16.49,15.17,2023-03-12 19:20:22
58,Goblin Archer,Devilkin,7,Rank 2,7d6+2,42.09,40.36,42.37,2023-03-12 19:20:22
59,Djinni,Elemental,5,Rank 1,5d4+3,20.27,20.18,20.57,2023-03-12 19:20:22
60,Zombie Mage,Undead,14,Rank 0,14d2+5,28.29,28.81,27.8,2023-03-12 19:20:22
61,Pseudodragon,Dragon,14,Rank 0,14d2+1,27.89,27.87,27.18,2023-03-12 19:20:22
62,Succubus,Devilkin,8,Rank 2,8d6+2,47.99,48.89,50.94,2023-03-12 19:20:22
63,Efreeti,Elemental,5,Rank 2,5d6+1,27.03,30.99,27.32,2023-03-12 19:20:22
64,Hook Horror,Demonic,11,Rank 4,11d10+1,111.48,105.63,107.55,2023-03-12 19:20:22
65,Pseudodragon,Dragon,6,Rank 1,6d4+4,24.69,24.34,24.1,2023-03-12 19:20:22
66,Steam Devil,Devilkin,9,Rank 0,9d2,17.96,18.92,18.18,2023-03-12 19:20:22
67,Ghostly Villager,Undead,9,Rank 2,9d6,52.6,55.86,52.84,2023-03-12 19:20:22
68,Wyvern,Dragon,7,Rank 2,7d6+1,41.17,42.48,40.22,2023-03-12 19:20:22
69,Incubus,Devilkin,11,Rank 3,11d8+1,88.06,90.6,90.56,2023-03-12 19:20:22
70,Smoke Mephit,Elemental,2,Rank 0,2d2+1,3.66,3.6,3.68,2023-03-12 19:20:22
71,Hell Hound,Demonic,11,Rank 1,11d4,45.43,44.75,45.56,2023-03-12 19:20:22
72,Shadow Spirit,Fey,4,Rank 1,4d4+3,16.25,16.88,15.65,2023-03-12 19:20:22
73,Kobold Archer,Devilkin,9,Rank 0,9d2+3,17.45,17.04,18.37,2023-03-12 19:20:22
74,Magma Mephit,Elemental,15,Rank 1,15d4+1,61.56,59.66,60.64,2023-03-12 19:20:22
75,Hook Horror,Demonic,9,Rank 1,9d4,36.05,36.19,35.31,2023-03-12 19:20:22
76,Flame Spirit,Fey,6,Rank 2,6d6,36.35,38.77,33.54,2023-03-12 19:20:22
77,Steam Elemental,Elemental,18,Rank 0,18d2+2,36.72,35.08,36.51,2023-03-12 19:20:23
78,Faerie Dragon,Dragon,15,Rank 1,15d4+2,60.19,60.65,60.13,2023-03-12 19:20:23
79,Goblin Mage,Devilkin,16,Rank 2,16d6+1,97.74,97.96,94.75,2023-03-12 19:20:23
80,Poltergeist,Undead,16,Rank 3,16d8,127.64,130.57,128.39,2023-03-12 19:20:23
81,Red Drake,Dragon,9,Rank 4,9d10,90.89,88.48,88.88,2023-03-12 19:20:23
82,Dust Devil,Devilkin,3,Rank 3,3d8,22.76,21.49,27.56,2023-03-12 19:20:23
83,Nightmare,Demonic,8,Rank 0,8d2,16.22,15.82,15.57,2023-03-12 19:20:23
84,Spore Archfey,Fey,10,Rank 0,10d2+1,20.69,19.12,19.37,2023-03-12 19:20:23
85,Mud Mephit,Elemental,14,Rank 5,14d12+1,172.88,168.96,166.93,2023-03-12 19:20:23
86,Wyvern,Dragon,6,Rank 0,6d2+2,12.39,12.57,11.61,2023-03-12 19:20:23
87,Prince of Fear,Devilkin,4,Rank 2,4d6+1,23.66,25.46,25.88,2023-03-12 19:20:23
88,Dracolich,Undead,9,Rank 1,9d4,37.59,36.67,35.69,2023-03-12 19:20:23
89,Black Drake,Dragon,1,Rank 1,1d4,3.91,4.46,2.58,2023-03-12 19:20:23
90,Djinni,Elemental,12,Rank 2,12d6,74.47,72.23,69.14,2023-03-12 19:20:23
91,Ghostly Knight,Undead,8,Rank 4,8d10,83.78,75.55,77.38,2023-03-12 19:20:23
92,Onyx Wyrmling,Dragon,14,Rank 0,14d2+3,27.52,28.03,27.11,2023-03-12 19:20:23
93,Pit Lord,Devilkin,15,Rank 4,15d10+2,148.57,149.87,154.85,2023-03-12 19:20:23
94,Skeletal Guard,Undead,3,Rank 1,3d4,13.34,12.68,12.37,2023-03-12 19:20:23
95,Platinum Wyrmling,Dragon,3,Rank 2,3d6+2,16.44,16.3,17.8,2023-03-12 19:20:23
96,Succubus,Devilkin,9,Rank 4,9d10,89.38,86.39,86.27,2023-03-12 19:20:23
97,Poltergeist,Undead,9,Rank 0,9d2,18.97,17.28,17.15,2023-03-12 19:20:23
98,Diamond Wyrmling,Dragon,16,Rank 0,16d2+2,32.64,31.86,31.59,2023-03-12 19:20:23
99,Goblin Villager,Devilkin,7,Rank 0,7d2,13.52,14.3,14.4,2023-03-12 19:20:23
100,Djinni,Elemental,15,Rank 2,15d6+1,89.32,87.53,88.48,2023-03-12 19:20:23
101,Imp,Demonic,2,Rank 4,2d10,18.44,17.4,20.71,2023-03-12 19:20:23
102,Succubus,Devilkin,13,Rank 2,13d6+1,80.94,79.65,79.8,2023-03-12 19:20:23
103,Wight,Undead,19,Rank 0,19d2+3,37.14,37.83,37.22,2023-03-12 19:20:23
104,Flame Spirit,Fey,11,Rank 1,11d4,44.93,43.66,44.01,2023-03-12 19:20:23
105,Steam Mephit,Elemental,8,Rank 0,8d2+4,15.74,16.51,16.5,2023-03-12 19:20:23
106,Balor,Demonic,2,Rank 0,2d2+1,4.22,3.62,3.86,2023-03-12 19:20:23
107,White Wyrmling,Dragon,6,Rank 0,6d2,11.22,11.51,12.95,2023-03-12 19:20:23
108,Goblin Archer,Devilkin,8,Rank 0,8d2+2,16.88,15.8,15.21,2023-03-12 19:20:23
109,Zombie Mage,Undead,2,Rank 1,2d4,7.83,8.36,7.05,2023-03-12 19:20:24
110,Sapphire Drake,Dragon,3,Rank 0,3d2+1,6.16,6.31,6.67,2023-03-12 19:20:24
111,Prince of Fear,Devilkin,2,Rank 3,2d8+1,13.83,18.31,16.33,2023-03-12 19:20:24
112,Mummy Lord,Undead,6,Rank 1,6d4+1,24.57,24.04,23.95,2023-03-12 19:20:24
113,Hook Horror,Demonic,4,Rank 1,4d4,16.37,16.78,15.73,2023-03-12 19:20:24
114,Gold Wyrmling,Dragon,3,Rank 0,3d2,6.15,6.33,6.52,2023-03-12 19:20:24
115,Goblin Knight,Devilkin,2,Rank 0,2d2+2,3.19,4.26,3.24,2023-03-12 19:20:24
116,Revenant,Undead,15,Rank 1,15d4+4,61.61,61.82,58.77,2023-03-12 19:20:24
117,Quasit,Demonic,7,Rank 1,7d4+3,26.06,29.87,26.32,2023-03-12 19:20:24
118,Copper Wyrmling,Dragon,10,Rank 0,10d2+1,20.09,19.56,20.99,2023-03-12 19:20:24
119,Smoke Mephit,Elemental,14,Rank 0,14d2+4,28.87,27.83,27.87,2023-03-12 19:20:24
120,Vampire,Undead,5,Rank 0,5d2,10.55,9.75,10.12,2023-03-12 19:20:24
121,Green Wyrmling,Dragon,12,Rank 3,12d8+1,98.8,96.75,94.85,2023-03-12 19:20:24
122,Prince of Fear,Devilkin,6,Rank 1,6d4+1,24.06,24.73,23.25,2023-03-12 19:20:24
123,Efreeti,Elemental,1,Rank 0,1d2+3,1.63,1.64,1.43,2023-03-12 19:20:24
124,Nightmare,Demonic,5,Rank 4,5d10,48.38,53.47,52.89,2023-03-12 19:20:24
125,Kobold Guard,Devilkin,10,Rank 2,10d6+1,58.99,61.51,60.92,2023-03-12 19:20:24
126,Demilich,Undead,4,Rank 1,4d4+5,17.67,16.43,14.24,2023-03-12 19:20:24
127,Wyvern,Dragon,12,Rank 2,12d6+2,70.05,72.27,74.07,2023-03-12 19:20:24
128,Emerald Archfey,Fey,3,Rank 1,3d4+3,12.11,11.8,11.41,2023-03-12 19:20:24
129,Djinni,Elemental,18,Rank 1,18d4+2,73.15,72.29,71.48,2023-03-12 19:20:24
130,Imp,Demonic,5,Rank 1,5d4+2,18.49,19.95,19.77,2023-03-12 19:20:24
131,Flame Archfey,Fey,8,Rank 0,8d2,16.88,16.7,15.46,2023-03-12 19:20:24
132,Lightning Elemental,Elemental,13,Rank 4,13d10+3,132.67,127.59,131.44,2023-03-12 19:20:24
133,Faerie Dragon,Dragon,8,Rank 2,8d6+1,47.1,48.55,46.75,2023-03-12 19:20:24
134,Goblin Villager,Devilkin,15,Rank 0,15d2,29.88,31.0,30.04,2023-03-12 19:20:24
135,Wight,Undead,13,Rank 2,13d6+5,78.6,77.59,77.73,2023-03-12 19:20:24
136,Quasit,Demonic,13,Rank 2,13d6,79.52,78.08,79.73,2023-03-12 19:20:24
137,Succubus,Devilkin,6,Rank 0,6d2+4,11.71,12.62,11.39,2023-03-12 19:20:24
138,Wight,Undead,3,Rank 2,3d6,15.77,20.09,19.35,2023-03-12 19:20:24
139,Wyvern,Dragon,1,Rank 3,1d8+1,5.73,6.09,9.11,2023-03-12 19:20:24
140,Goblin Archer,Devilkin,8,Rank 0,8d2+2,16.37,15.42,15.07,2023-03-12 19:20:24
141,Silver Demon,Demonic,5,Rank 0,5d2,10.29,9.02,10.56,2023-03-12 19:20:24
142,Bronze Wyrmling,Dragon,5,Rank 1,5d4+3,21.53,18.48,19.9,2023-03-12 19:20:25
143,Pit Lord,Devilkin,13,Rank 0,13d2+2,26.42,25.51,26.21,2023-03-12 19:20:25
144,Vampire,Undead,16,Rank 2,16d6+2,96.04,95.51,97.32,2023-03-12 19:20:25
145,Wyvern,Dragon,11,Rank 0,11d2+1,21.82,21.72,21.97,2023-03-12 19:20:25
146,Pit Lord,Devilkin,14,Rank 2,14d6,85.25,83.16,82.56,2023-03-12 19:20:25
147,Imp,Demonic,6,Rank 0,6d2+3,11.14,12.16,12.09,2023-03-12 19:20:25
148,Prismatic Dragon,Dragon,15,Rank 0,15d2,30.64,29.72,29.54,2023-03-12 19:20:25
149,Djinni,Elemental,12,Rank 4,12d10,119.35,116.56,120.77,2023-03-12 19:20:25
150,Zombie Mage,Undead,1,Rank 0,1d2+1,1.38,2.51,1.36,2023-03-12 19:20:25
151,Steam Spirit,Fey,8,Rank 2,8d6+1,46.81,46.55,49.59,2023-03-12 19:20:25
152,Dust Devil,Devilkin,1,Rank 3,1d8,4.96,6.25,9.27,2023-03-12 19:20:25
153,Platinum Demon,Demonic,5,Rank 0,5d2+4,9.03,9.5,10.53,2023-03-12 19:20:25
154,Bronze Archfey,Fey,2,Rank 1,2d4+1,9.5,7.9,6.23,2023-03-12 19:20:25
155,Djinni,Elemental,9,Rank 0,9d2+3,17.59,17.1,17.54,2023-03-12 19:20:25
156,Banshee,Undead,3,Rank 3,3d8,25.39,22.29,26.26,2023-03-12 19:20:25
157,Hook Horror,Demonic,9,Rank 2,9d6+1,52.15,53.97,53.68,2023-03-12 19:20:25
158,Flame Spirit,Fey,1,Rank 0,1d2+2,2.32,1.92,2.47,2023-03-12 19:20:25
159,Djinni,Elemental,4,Rank 2,4d6,23.89,24.74,25.24,2023-03-12 19:20:25
160,Hook Horror,Demonic,18,Rank 4,18d10+3,177.94,179.38,177.61,2023-03-12 19:20:25
161,Steam Spirit,Fey,16,Rank 3,16d8+2,129.94,130.43,129.21,2023-03-12 19:20:25
162,Magma Mephit,Elemental,9,Rank 1,9d4+4,36.31,35.69,36.17,2023-03-12 19:20:25
163,Faerie Dragon,Dragon,14,Rank 1,14d4+2,55.65,57.76,56.41,2023-03-12 19:20:25
164,Incubus,Devilkin,7,Rank 4,7d10+1,67.2,67.95,72.09,2023-03-12 19:20:25
165,Lich King,Undead,6,Rank 1,6d4+4,23.65,24.92,23.22,2023-03-12 19:20:25
166,Flame Archfey,Fey,3,Rank 0,3d2+5,6.16,5.97,6.46,2023-03-12 19:20:25
167,Pit Lord,Devilkin,12,Rank 5,12d12+3,139.48,149.83,146.39,2023-03-12 19:20:25
168,Lich,Undead,9,Rank 2,9d6,52.99,55.94,55.82,2023-03-12 19:20:25
169,Gold Drake,Dragon,14,Rank 1,14d4+2,54.88,55.91,54.92,2023-03-12 19:20:25
170,Pit Lord,Devilkin,11,Rank 0,11d2,22.81,21.14,22.47,2023-03-12 19:20:25
171,Steam Elemental,Elemental,7,Rank 4,7d10+1,68.79,66.54,71.25,2023-03-12 19:20:25
172,Ghoul,Undead,12,Rank 2,12d6,70.71,73.95,70.02,2023-03-12 19:20:25
173,Pseudodragon,Dragon,16,Rank 3,16d8,128.49,127.5,130.97,2023-03-12 19:20:26
174,Emerald Faerie,Fey,11,Rank 1,11d4+3,45.68,43.14,44.23,2023-03-12 19:20:26
175,Banshee,Undead,2,Rank 0,2d2+2,4.23,3.53,4.59,2023-03-12 19:20:26
176,Night Hag,Demonic,11,Rank 3,11d8+2,84.12,89.16,90.45,2023-03-12 19:20:26
177,Dust Spirit,Fey,7,Rank 0,7d2+1,13.47,14.45,14.24,2023-03-12 19:20:26
178,Flame Elemental,Elemental,9,Rank 0,9d2+3,18.78,18.96,17.82,2023-03-12 19:20:26
179,Silver Wyrmling,Dragon,17,Rank 1,17d4+1,68.65,69.49,67.86,2023-03-12 19:20:26
180,Incubus,Devilkin,7,Rank 2,7d6+5,41.05,40.1,43.26,2023-03-12 19:20:26
181,Ghast,Undead,4,Rank 0,4d2,7.17,8.13,7.98,2023-03-12 19:20:26
182,Wyvern,Dragon,9,Rank 3,9d8,73.54,73.26,68.91,2023-03-12 19:20:26
183,Bronze Faerie,Fey,2,Rank 3,2d8+2,19.06,15.05,19.72,2023-03-12 19:20:26
184,Steam Mephit,Elemental,3,Rank 3,3d8+1,25.14,24.74,26.87,2023-03-12 19:20:26
185,Emerald Drake,Dragon,5,Rank 1,5d4+3,21.83,21.82,19.9,2023-03-12 19:20:26
186,Succubus,Devilkin,2,Rank 5,2d12+2,20.13,28.62,26.65,2023-03-12 19:20:26
187,Skeletal Knight,Undead,2,Rank 1,2d4+5,8.59,7.78,8.5,2023-03-12 19:20:26
188,Sapphire Dragon,Dragon,18,Rank 0,18d2,35.32,36.13,36.76,2023-03-12 19:20:26
189,Djinni,Elemental,6,Rank 5,6d12,69.04,74.45,68.71,2023-03-12 19:20:26
190,Imp,Demonic,12,Rank 4,12d10+3,117.08,121.22,116.49,2023-03-12 19:20:26
191,Bronze Dragon,Dragon,8,Rank 1,8d4,30.22,32.84,32.75,2023-03-12 19:20:26
192,Smoke Devil,Devilkin,3,Rank 0,3d2+3,5.37,5.69,5.5,2023-03-12 19:20:26
193,Death Knight,Undead,5,Rank 0,5d2,9.85,10.59,10.99,2023-03-12 19:20:26
194,White Drake,Dragon,6,Rank 1,6d4+3,22.07,24.37,25.22,2023-03-12 19:20:26
195,Goblin Archer,Devilkin,3,Rank 3,3d8+1,24.67,22.56,24.2,2023-03-12 19:20:26
196,Ghoul,Undead,11,Rank 0,11d2+1,22.69,21.42,22.55,2023-03-12 19:20:26
197,Wyvern,Dragon,4,Rank 1,4d4+3,17.95,17.75,16.09,2023-03-12 19:20:26
198,Goblin Guard,Devilkin,3,Rank 3,3d8+3,26.31,20.7,26.2,2023-03-12 19:20:26
199,Lightning Elemental,Elemental,4,Rank 1,4d4+3,15.09,15.8,17.81,2023-03-12 19:20:26
200,Balor,Demonic,7,Rank 2,7d6+2,39.01,43.8,42.26,2023-03-12 19:20:26
201,Dust Spirit,Fey,4,Rank 1,4d4+1,14.66,15.71,15.38,2023-03-12 19:20:26
202,Pit Lord,Devilkin,2,Rank 3,2d8,17.42,17.12,18.17,2023-03-12 19:20:26
203,Mummy Lord,Undead,3,Rank 1,3d4,13.93,12.57,12.02,2023-03-12 19:20:26
204,Copper Faerie,Fey,6,Rank 1,6d4+2,25.58,22.91,24.37,2023-03-12 19:20:26
205,Djinni,Elemental,12,Rank 3,12d8+1,92.57,93.15,94.89,2023-03-12 19:20:26
206,Nightmare,Demonic,2,Rank 1,2d4+2,8.28,7.45,6.51,2023-03-12 19:20:27
207,Blue Dragon,Dragon,8,Rank 4,8d10+1,77.75,82.73,79.83,2023-03-12 19:20:27
208,Kobold Villager,Devilkin,17,Rank 2,17d6+1,99.86,104.0,100.91,2023-03-12 19:20:27
209,Revenant,Undead,3,Rank 1,3d4+3,12.7,10.65,12.16,2023-03-12 19:20:27
210,Faerie Dragon,Dragon,3,Rank 1,3d4,12.84,10.48,12.52,2023-03-12 19:20:27
211,Flame Mephit,Elemental,7,Rank 2,7d6,44.03,40.49,42.21,2023-03-12 19:20:27
212,Pseudodragon,Dragon,7,Rank 3,7d8+2,53.81,53.15,53.94,2023-03-12 19:20:27
213,Pit Lord,Devilkin,7,Rank 3,7d8+1,54.02,58.55,53.8,2023-03-12 19:20:27
214,Mud Elemental,Elemental,15,Rank 4,15d10,151.83,146.96,149.18,2023-03-12 19:20:27
215,Imp,Demonic,3,Rank 1,3d4+3,11.45,12.88,11.36,2023-03-12 19:20:27
216,White Faerie,Fey,8,Rank 2,8d6+3,47.33,48.06,48.83,2023-03-12 19:20:27
217,Death Knight,Undead,9,Rank 3,9d8+3,74.34,71.43,71.66,2023-03-12 19:20:27
218,Pseudodragon,Dragon,15,Rank 4,15d10+5,152.59,149.21,153.94,2023-03-12 19:20:27
219,Ice Devil,Devilkin,11,Rank 0,11d2+2,22.66,22.15,21.2,2023-03-12 19:20:27
220,Poltergeist,Undead,7,Rank 1,7d4,27.99,28.33,26.77,2023-03-12 19:20:27
221,Prismatic Faerie,Fey,5,Rank 0,5d2+1,10.78,9.4,9.61,2023-03-12 19:20:27
222,Steam Mephit,Elemental,13,Rank 1,13d4+5,52.17,53.09,51.56,2023-03-12 19:20:27
223,Wyvern,Dragon,14,Rank 2,14d6+1,84.45,84.03,86.54,2023-03-12 19:20:27
224,Incubus,Devilkin,9,Rank 4,9d10+1,90.49,89.99,91.87,2023-03-12 19:20:27
225,Revenant,Undead,3,Rank 4,3d10+1,30.6,33.78,33.83,2023-03-12 19:20:27
226,Green Demon,Demonic,10,Rank 3,10d8,79.55,81.27,81.78,2023-03-12 19:20:27
227,Goblin Archer,Devilkin,13,Rank 0,13d2+2,26.36,26.77,26.95,2023-03-12 19:20:27
228,Revenant,Undead,7,Rank 3,7d8+1,58.75,56.74,58.52,2023-03-12 19:20:27
229,Faerie Dragon,Dragon,15,Rank 0,15d2+1,30.64,29.81,29.52,2023-03-12 19:20:27
230,Dust Spirit,Fey,5,Rank 5,5d12+2,55.68,63.07,59.27,2023-03-12 19:20:27
231,Djinni,Elemental,17,Rank 3,17d8+1,137.87,135.13,134.31,2023-03-12 19:20:27
232,Emerald Demon,Demonic,3,Rank 1,3d4,11.45,12.14,13.25,2023-03-12 19:20:27
233,Ruby Archfey,Fey,8,Rank 2,8d6+1,45.24,47.39,50.23,2023-03-12 19:20:27
234,Ice Elemental,Elemental,2,Rank 2,2d6+1,14.62,9.85,10.57,2023-03-12 19:20:27
235,Night Hag,Demonic,12,Rank 0,12d2+2,23.13,23.85,24.88,2023-03-12 19:20:27
236,Pit Lord,Devilkin,10,Rank 0,10d2+5,20.92,20.62,19.46,2023-03-12 19:20:27
237,Hell Hound,Demonic,4,Rank 2,4d6+3,22.14,22.99,23.34,2023-03-12 19:20:27
238,Spore Spirit,Fey,1,Rank 0,1d2,1.11,2.21,2.57,2023-03-12 19:20:28
239,Steam Mephit,Elemental,1,Rank 3,1d8+1,9.81,9.42,7.15,2023-03-12 19:20:28
240,Ghostly Mage,Undead,5,Rank 1,5d4+1,19.8,21.7,20.01,2023-03-12 19:20:28
241,Blue Wyrmling,Dragon,17,Rank 3,17d8+1,136.7,137.13,139.83,2023-03-12 19:20:28
242,Goblin Knight,Devilkin,5,Rank 0,5d2+1,10.0,10.04,9.09,2023-03-12 19:20:28
243,Mummy,Undead,5,Rank 2,5d6,31.28,30.5,27.75,2023-03-12 19:20:28
244,Emerald Drake,Dragon,8,Rank 0,8d2,15.5,15.91,15.71,2023-03-12 19:20:28
245,Succubus,Devilkin,16,Rank 4,16d10+3,163.21,156.78,156.46,2023-03-12 19:20:28
246,Night Hag,Demonic,6,Rank 0,6d2+3,12.72,12.43,12.03,2023-03-12 19:20:28
247,Ruby Wyrmling,Dragon,6,Rank 2,6d6+1,35.5,35.56,38.89,2023-03-12 19:20:28
248,Smoke Archfey,Fey,3,Rank 5,3d12,36.48,39.96,39.47,2023-03-12 19:20:28
249,Goblin Guard,Devilkin,10,Rank 0,10d2+3,20.78,19.39,19.16,2023-03-12 19:20:28
250,Flame Mephit,Elemental,14,Rank 2,14d6+3,86.18,85.09,83.2,2023-03-12 19:20:28
251,Quasit,Demonic,6,Rank 2,6d6,37.4,35.64,33.52,2023-03-12 19:20:28
252,Red Archfey,Fey,6,Rank 4,6d10+4,61.61,61.82,56.2,2023-03-12 19:20:28
253,Poltergeist,Undead,4,Rank 0,4d2+1,8.55,7.14,8.98,2023-03-12 19:20:28
254,Black Drake,Dragon,8,Rank 3,8d8,63.68,63.45,64.59,2023-03-12 19:20:28
255,Lightning Archfey,Fey,8,Rank 2,8d6+2,45.11,47.22,46.75,2023-03-12 19:20:28
256,Efreeti,Elemental,10,Rank 3,10d8+2,80.36,77.57,77.39,2023-03-12 19:20:28
257,Poltergeist,Undead,12,Rank 1,12d4+3,47.63,48.82,47.96,2023-03-12 19:20:28
258,Hook Horror,Demonic,8,Rank 3,8d8+4,65.29,64.17,64.95,2023-03-12 19:20:28
259,White Faerie,Fey,4,Rank 5,4d12+3,48.92,42.34,47.49,2023-03-12 19:20:28
260,Mud Elemental,Elemental,4,Rank 3,4d8+2,29.83,29.32,31.92,2023-03-12 19:20:28
261,Lich King,Undead,1,Rank 0,1d2+4,1.66,2.92,1.59,2023-03-12 19:20:28
262,Pseudodragon,Dragon,7,Rank 1,7d4+3,26.46,28.19,29.17,2023-03-12 19:20:28
263,Ice Elemental,Elemental,4,Rank 4,4d10+4,42.24,39.68,35.25,2023-03-12 19:20:28
264,Imp,Demonic,6,Rank 0,6d2,11.0,11.06,12.42,2023-03-12 19:20:28
265,Lightning Spirit,Fey,3,Rank 4,3d10+1,25.93,27.5,30.26,2023-03-12 19:20:28
266,Wraith,Undead,3,Rank 2,3d6+2,19.88,20.01,16.08,2023-03-12 19:20:28
267,Sapphire Drake,Dragon,6,Rank 1,6d4+3,24.44,22.23,25.45,2023-03-12 19:20:28
268,Kobold Villager,Devilkin,3,Rank 0,3d2,6.72,5.92,6.78,2023-03-12 19:20:28
269,Zombie Archer,Undead,5,Rank 1,5d4,18.88,20.56,19.27,2023-03-12 19:20:28
270,Faerie Dragon,Dragon,11,Rank 3,11d8+1,86.66,91.71,85.63,2023-03-12 19:20:28
271,Pit Lord,Devilkin,8,Rank 0,8d2,15.67,15.51,15.31,2023-03-12 19:20:29
272,Zombie Mage,Undead,17,Rank 2,17d6,104.0,100.71,100.1,2023-03-12 19:20:29
273,Balor,Demonic,1,Rank 1,1d4,2.4,3.32,4.43,2023-03-12 19:20:29
274,Prince of Fear,Devilkin,14,Rank 0,14d2,28.6,28.67,28.36,2023-03-12 19:20:29
275,Poltergeist,Undead,6,Rank 4,6d10+2,63.78,61.72,56.05,2023-03-12 19:20:29
276,Wyvern,Dragon,3,Rank 3,3d8,26.39,27.03,26.21,2023-03-12 19:20:29
277,Dust Devil,Devilkin,12,Rank 3,12d8+3,96.82,98.67,98.34,2023-03-12 19:20:29
278,Revenant,Undead,11,Rank 2,11d6+3,68.44,63.17,68.89,2023-03-12 19:20:29
279,Green Demon,Demonic,3,Rank 2,3d6+2,16.2,18.1,18.13,2023-03-12 19:20:29
280,Emerald Archfey,Fey,1,Rank 1,1d4,4.42,4.31,5.06,2023-03-12 19:20:29
281,Efreeti,Elemental,9,Rank 0,9d2,17.5,18.4,18.19,2023-03-12 19:20:29
282,Imp,Demonic,5,Rank 0,5d2+2,10.42,10.38,9.1,2023-03-12 19:20:29
283,Succubus,Devilkin,10,Rank 1,10d4+2,39.26,40.99,38.68,2023-03-12 19:20:29
284,Efreeti,Elemental,14,Rank 0,14d2,28.55,28.97,27.93,2023-03-12 19:20:29
285,Prismatic Wyrmling,Dragon,13,Rank 1,13d4+2,50.02,53.7,53.68,2023-03-12 19:20:29
286,Prince of Fear,Devilkin,12,Rank 5,12d12+2,139.78,148.98,146.68,2023-03-12 19:20:29
287,Dracolich,Undead,11,Rank 1,11d4+2,44.4,44.91,44.02,2023-03-12 19:20:29
288,Flame Archfey,Fey,11,Rank 0,11d2,21.22,21.75,21.46,2023-03-12 19:20:29
289,Shadow Elemental,Elemental,7,Rank 4,7d10,73.51,72.0,68.54,2023-03-12 19:20:29
290,Quasit,Demonic,11,Rank 0,11d2+1,21.25,22.89,22.57,2023-03-12 19:20:29
291,Ruby Archfey,Fey,8,Rank 2,8d6,49.38,47.64,46.09,2023-03-12 19:20:29
292,Djinni,Elemental,13,Rank 2,13d6+1,77.58,79.75,77.34,2023-03-12 19:20:29
293,Green Demon,Demonic,14,Rank 3,14d8+2,113.21,109.2,112.95,2023-03-12 19:20:29
294,Lightning Archfey,Fey,12,Rank 3,12d8,95.72,94.27,96.78,2023-03-12 19:20:29
295,Efreeti,Elemental,3,Rank 3,3d8+2,25.66,26.4,26.48,2023-03-12 19:20:29
296,Quasit,Demonic,8,Rank 2,8d6+4,50.88,49.43,47.31,2023-03-12 19:20:29
297,Mud Spirit,Fey,10,Rank 0,10d2+2,19.49,19.22,20.77,2023-03-12 19:20:29
298,Efreeti,Elemental,13,Rank 3,13d8,101.11,102.71,102.38,2023-03-12 19:20:29
299,Faerie Dragon,Dragon,3,Rank 0,3d2+1,6.15,5.98,5.62,2023-03-12 19:20:29
300,Incubus,Devilkin,14,Rank 2,14d6,85.78,84.14,84.85,2023-03-12 19:20:29
301,Dracolich,Undead,10,Rank 2,10d6+1,61.58,61.78,60.23,2023-03-12 19:20:29
302,Night Hag,Demonic,5,Rank 2,5d6,31.14,28.73,30.46,2023-03-12 19:20:29
303,Faerie Dragon,Dragon,3,Rank 0,3d2+2,5.4,6.89,6.91,2023-03-12 19:20:29
304,Kobold Knight,Devilkin,8,Rank 0,8d2+1,15.59,16.89,16.35,2023-03-12 19:20:29
305,Djinni,Elemental,10,Rank 0,10d2,20.97,19.42,20.35,2023-03-12 19:20:30
306,Hell Hound,Demonic,8,Rank 1,8d4+2,32.64,33.56,30.21,2023-03-12 19:20:30
307,Brass Faerie,Fey,7,Rank 2,7d6+5,42.21,40.95,42.16,2023-03-12 19:20:30
308,Goblin Guard,Devilkin,17,Rank 2,17d6+1,101.15,100.45,101.78,2023-03-12 19:20:30
309,Revenant,Undead,3,Rank 1,3d4,13.34,12.3,11.56,2023-03-12 19:20:30
310,Onyx Drake,Dragon,4,Rank 2,4d6+2,23.84,23.72,22.37,2023-03-12 19:20:30
311,Ice Devil,Devilkin,10,Rank 0,10d2,19.78,19.37,19.87,2023-03-12 19:20:30
312,Zombie Villager,Undead,3,Rank 1,3d4+1,12.57,12.36,13.45,2023-03-12 19:20:30
313,Ruby Archfey,Fey,12,Rank 2,12d6+4,72.7,70.39,72.95,2023-03-12 19:20:30
314,Prince of Fear,Devilkin,10,Rank 3,10d8+1,80.57,81.65,77.37,2023-03-12 19:20:30
315,Efreeti,Elemental,16,Rank 0,16d2,32.94,32.78,32.41,2023-03-12 19:20:30
316,Black Demon,Demonic,11,Rank 0,11d2+3,21.25,22.86,22.13,2023-03-12 19:20:30
317,Pseudodragon,Dragon,5,Rank 1,5d4+2,20.43,20.86,21.69,2023-03-12 19:20:30
318,Bronze Faerie,Fey,6,Rank 0,6d2+2,11.04,12.95,12.4,2023-03-12 19:20:30
319,Djinni,Elemental,12,Rank 5,12d12+2,145.17,144.58,148.44,2023-03-12 19:20:30
320,Faerie Dragon,Dragon,8,Rank 2,8d6+3,48.93,47.17,49.02,2023-03-12 19:20:30
321,Lightning Mephit,Elemental,7,Rank 1,7d4+3,26.28,28.76,27.54,2023-03-12 19:20:30
322,Imp,Demonic,9,Rank 0,9d2+1,17.27,17.58,17.9,2023-03-12 19:20:30
323,Magma Spirit,Fey,9,Rank 0,9d2+3,18.23,18.15,17.37,2023-03-12 19:20:30
324,Flame Elemental,Elemental,9,Rank 0,9d2,17.65,18.74,17.41,2023-03-12 19:20:30
325,Pit Fiend,Demonic,3,Rank 0,3d2+1,5.43,6.31,5.02,2023-03-12 19:20:30
326,Goblin Knight,Devilkin,6,Rank 0,6d2+2,11.62,11.12,12.49,2023-03-12 19:20:30
327,Djinni,Elemental,6,Rank 0,6d2+4,11.82,11.59,12.02,2023-03-12 19:20:30
328,Imp,Demonic,7,Rank 3,7d8+3,56.52,55.2,58.48,2023-03-12 19:20:30
329,Goblin Guard,Devilkin,13,Rank 1,13d4+3,52.22,51.75,50.57,2023-03-12 19:20:30
330,Revenant,Undead,19,Rank 1,19d4,76.71,75.36,76.68,2023-03-12 19:20:30
331,Onyx Wyrmling,Dragon,12,Rank 3,12d8+1,94.13,92.31,92.21,2023-03-12 19:20:30
332,Steam Spirit,Fey,11,Rank 3,11d8+1,85.4,90.8,86.21,2023-03-12 19:20:30
333,Efreeti,Elemental,3,Rank 1,3d4,12.3,10.0,12.05,2023-03-12 19:20:30
334,Quasit,Demonic,8,Rank 1,8d4+2,31.12,32.5,32.33,2023-03-12 19:20:30
335,Magma Spirit,Fey,15,Rank 0,15d2+5,29.66,30.69,29.88,2023-03-12 19:20:30
336,Ice Elemental,Elemental,3,Rank 1,3d4,12.8,11.85,12.31,2023-03-12 19:20:30
337,Nightmare,Demonic,11,Rank 3,11d8,86.29,88.78,88.04,2023-03-12 19:20:31
338,Wyvern,Dragon,16,Rank 1,16d4+2,63.15,64.98,63.99,2023-03-12 19:20:31
339,Prince of Fear,Devilkin,6,Rank 3,6d8+4,47.95,48.83,50.86,2023-03-12 19:20:31
340,Revenant,Undead,2,Rank 5,2d12+3,18.97,24.05,26.11,2023-03-12 19:20:31
341,Wyvern,Dragon,7,Rank 0,7d2+1,14.95,14.13,14.33,2023-03-12 19:20:31
342,Silver Faerie,Fey,12,Rank 0,12d2+4,24.27,24.85,24.32,2023-03-12 19:20:31
343,Pit Lord,Devilkin,8,Rank 3,8d8+2,66.56,66.03,64.13,2023-03-12 19:20:31
344,Ghast,Undead,11,Rank 5,11d12+1,132.84,135.16,133.35,2023-03-12 19:20:31
345,Hook Horror,Demonic,3,Rank 2,3d6+1,16.19,16.82,19.87,2023-03-12 19:20:31
346,Pit Lord,Devilkin,5,Rank 2,5d6+3,31.25,28.86,30.19,2023-03-12 19:20:31
347,Djinni,Elemental,1,Rank 0,1d2+1,1.91,2.53,1.89,2023-03-12 19:20:31
348,Demilich,Undead,13,Rank 3,13d8,101.75,100.25,104.48,2023-03-12 19:20:31
349,Lightning Archfey,Fey,6,Rank 0,6d2+1,12.46,11.83,11.61,2023-03-12 19:20:31
350,Dust Elemental,Elemental,5,Rank 2,5d6+1,30.09,30.13,29.9,2023-03-12 19:20:31
351,Faerie Dragon,Dragon,6,Rank 0,6d2+4,12.66,11.47,12.94,2023-03-12 19:20:31
352,Djinni,Elemental,8,Rank 3,8d8+3,65.73,67.0,60.38,2023-03-12 19:20:31
353,Lich King,Undead,6,Rank 1,6d4+1,24.94,24.67,24.17,2023-03-12 19:20:31
354,Faerie Dragon,Dragon,11,Rank 2,11d6+5,67.68,63.63,65.62,2023-03-12 19:20:31
355,Blue Faerie,Fey,12,Rank 1,12d4,47.3,47.9,48.88,2023-03-12 19:20:31
356,Efreeti,Elemental,9,Rank 4,9d10+2,89.31,92.55,94.43,2023-03-12 19:20:31
357,Banshee,Undead,3,Rank 1,3d4,12.76,13.77,12.65,2023-03-12 19:20:31
358,Pseudodragon,Dragon,6,Rank 1,6d4+2,24.98,24.25,25.95,2023-03-12 19:20:31
359,White Faerie,Fey,18,Rank 1,18d4+3,73.82,72.45,72.2,2023-03-12 19:20:31
360,Ice Mephit,Elemental,4,Rank 0,4d2,7.02,8.62,7.16,2023-03-12 19:20:31
361,Imp,Demonic,18,Rank 2,18d6,109.13,109.34,108.07,2023-03-12 19:20:31
362,Lightning Spirit,Fey,3,Rank 0,3d2+4,5.56,6.27,6.08,2023-03-12 19:20:31
363,Goblin Villager,Devilkin,7,Rank 0,7d2,13.66,13.46,14.02,2023-03-12 19:20:31
364,Dracolich,Undead,13,Rank 0,13d2,25.21,26.68,26.53,2023-03-12 19:20:31
365,Magma Spirit,Fey,4,Rank 1,4d4+3,15.35,16.26,16.15,2023-03-12 19:20:31
366,Demilich,Undead,16,Rank 0,16d2+4,32.37,31.5,31.73,2023-03-12 19:20:31
367,Silver Wyrmling,Dragon,8,Rank 2,8d6+2,47.39,47.45,48.37,2023-03-12 19:20:31
368,Platinum Faerie,Fey,3,Rank 2,3d6+1,17.07,19.68,19.07,2023-03-12 19:20:31
369,Pit Lord,Devilkin,2,Rank 1,2d4+1,7.03,7.69,6.73,2023-03-12 19:20:31
370,Djinni,Elemental,3,Rank 3,3d8+3,20.05,21.49,27.28,2023-03-12 19:20:32
371,Hook Horror,Demonic,4,Rank 1,4d4+2,15.19,16.71,14.19,2023-03-12 19:20:32
372,Smoke Spirit,Fey,12,Rank 1,12d4+1,48.57,47.43,48.73,2023-03-12 19:20:32
373,Wraith,Undead,7,Rank 0,7d2+2,13.33,13.42,13.31,2023-03-12 19:20:32
374,Gold Demon,Demonic,2,Rank 3,2d8+3,17.14,13.09,15.34,2023-03-12 19:20:32
375,Onyx Faerie,Fey,18,Rank 1,18d4,70.14,73.85,72.21,2023-03-12 19:20:32
376,Spore Elemental,Elemental,4,Rank 1,4d4+2,15.85,14.13,16.14,2023-03-12 19:20:32
377,Faerie Dragon,Dragon,12,Rank 1,12d4+1,48.87,47.16,49.2,2023-03-12 19:20:32
378,Sapphire Archfey,Fey,2,Rank 3,2d8+1,16.07,19.6,14.92,2023-03-12 19:20:32
379,Djinni,Elemental,14,Rank 0,14d2,27.89,27.08,27.07,2023-03-12 19:20:32
380,Hell Hound,Demonic,7,Rank 2,7d6+2,42.33,43.39,44.84,2023-03-12 19:20:32
381,Mud Archfey,Fey,4,Rank 0,4d2,7.91,8.35,7.07,2023-03-12 19:20:32
382,Ice Mephit,Elemental,5,Rank 1,5d4+2,20.51,20.31,19.47,2023-03-12 19:20:32
383,Imp,Demonic,12,Rank 1,12d4+3,46.69,47.7,47.57,2023-03-12 19:20:32
384,Lightning Spirit,Fey,20,Rank 1,20d4,79.45,78.98,80.27,2023-03-12 19:20:32
385,Zombie Archer,Undead,12,Rank 1,12d4+4,48.47,48.1,47.56,2023-03-12 19:20:32
386,Platinum Archfey,Fey,10,Rank 0,10d2+1,20.26,20.1,19.24,2023-03-12 19:20:32
387,Efreeti,Elemental,14,Rank 0,14d2+2,28.18,27.06,28.99,2023-03-12 19:20:32
388,Diamond Demon,Demonic,5,Rank 4,5d10,51.96,51.66,53.79,2023-03-12 19:20:32
389,Magma Spirit,Fey,4,Rank 2,4d6,23.59,24.24,24.51,2023-03-12 19:20:32
390,Shadow Elemental,Elemental,3,Rank 0,3d2,5.6,6.46,5.4,2023-03-12 19:20:32
391,Ghostly Mage,Undead,3,Rank 2,3d6,16.47,17.33,20.55,2023-03-12 19:20:32
392,Prismatic Wyrmling,Dragon,2,Rank 4,2d10,19.66,20.59,22.94,2023-03-12 19:20:32
393,Succubus,Devilkin,2,Rank 3,2d8+3,12.56,17.23,18.78,2023-03-12 19:20:32
394,Poltergeist,Undead,15,Rank 3,15d8,119.2,122.11,122.45,2023-03-12 19:20:32
395,Silver Dragon,Dragon,11,Rank 0,11d2,21.56,22.31,22.72,2023-03-12 19:20:32
396,Kobold Knight,Devilkin,13,Rank 4,13d10+1,134.13,128.68,128.13,2023-03-12 19:20:32
397,Night Hag,Demonic,4,Rank 3,4d8+2,30.28,31.47,32.42,2023-03-12 19:20:32
398,Steam Archfey,Fey,9,Rank 0,9d2+1,17.07,17.26,18.37,2023-03-12 19:20:32
399,Dust Elemental,Elemental,18,Rank 1,18d4,71.36,73.52,72.54,2023-03-12 19:20:32
400,Nightmare,Demonic,5,Rank 3,5d8,42.42,39.09,42.4,2023-03-12 19:20:32
401,Black Faerie,Fey,5,Rank 1,5d4+2,18.94,21.88,19.95,2023-03-12 19:20:33
402,Ice Elemental,Elemental,18,Rank 0,18d2+1,36.52,35.99,36.4,2023-03-12 19:20:33
403,Balor,Demonic,7,Rank 2,7d6,43.56,40.77,43.83,2023-03-12 19:20:33
404,Spore Spirit,Fey,6,Rank 0,6d2+4,11.99,12.96,12.14,2023-03-12 19:20:33
405,Magma Elemental,Elemental,17,Rank 0,17d2,33.49,34.23,34.15,2023-03-12 19:20:33
406,Hell Hound,Demonic,3,Rank 1,3d4+1,10.21,12.84,12.29,2023-03-12 19:20:33
407,White Archfey,Fey,10,Rank 1,10d4+1,41.29,40.33,41.05,2023-03-12 19:20:33
408,Goblin Guard,Devilkin,13,Rank 0,13d2,26.2,25.81,25.88,2023-03-12 19:20:33
409,Ghast,Undead,4,Rank 2,4d6+1,23.1,22.53,21.95,2023-03-12 19:20:33
410,Night Hag,Demonic,4,Rank 1,4d4+1,17.57,15.49,15.66,2023-03-12 19:20:33
411,Flame Spirit,Fey,6,Rank 1,6d4+2,24.01,23.98,24.02,2023-03-12 19:20:33
412,Djinni,Elemental,3,Rank 2,3d6+3,17.67,19.16,16.09,2023-03-12 19:20:33
413,Lich,Undead,18,Rank 3,18d8+3,146.66,143.48,144.24,2023-03-12 19:20:33
414,Pseudodragon,Dragon,4,Rank 0,4d2+3,7.11,7.07,8.93,2023-03-12 19:20:33
415,Pit Lord,Devilkin,16,Rank 2,16d6,97.15,96.31,98.8,2023-03-12 19:20:33
416,Lich,Undead,1,Rank 2,1d6+4,6.57,3.13,4.46,2023-03-12 19:20:33
417,Red Drake,Dragon,16,Rank 2,16d6,96.28,98.61,94.63,2023-03-12 19:20:33
418,Goblin Villager,Devilkin,10,Rank 3,10d8+1,82.42,81.05,78.65,2023-03-12 19:20:33
419,Steam Mephit,Elemental,8,Rank 1,8d4,32.68,32.79,31.82,2023-03-12 19:20:33
420,Hook Horror,Demonic,5,Rank 1,5d4,20.15,19.69,20.24,2023-03-12 19:20:33
421,Dust Archfey,Fey,3,Rank 2,3d6+2,16.18,16.58,17.0,2023-03-12 19:20:33
422,Flame Elemental,Elemental,11,Rank 0,11d2+2,21.04,21.01,21.87,2023-03-12 19:20:33
423,Wyvern,Dragon,4,Rank 0,4d2+2,7.47,7.5,8.05,2023-03-12 19:20:33
424,Efreeti,Elemental,2,Rank 2,2d6+2,10.58,13.66,10.6,2023-03-12 19:20:33
425,Hook Horror,Demonic,9,Rank 3,9d8+2,75.55,71.02,73.84,2023-03-12 19:20:33
426,Goblin Archer,Devilkin,14,Rank 0,14d2+4,28.59,28.54,27.22,2023-03-12 19:20:33
427,Banshee,Undead,3,Rank 0,3d2,6.91,6.32,5.33,2023-03-12 19:20:33
428,Faerie Dragon,Dragon,4,Rank 0,4d2+2,7.76,7.77,8.5,2023-03-12 19:20:33
429,Blue Faerie,Fey,5,Rank 1,5d4+1,21.94,20.66,19.19,2023-03-12 19:20:33
430,Djinni,Elemental,2,Rank 1,2d4+2,8.91,7.45,7.37,2023-03-12 19:20:33
431,Hell Hound,Demonic,2,Rank 1,2d4+4,9.15,9.32,9.29,2023-03-12 19:20:33
432,Goblin Mage,Devilkin,13,Rank 2,13d6,75.43,79.58,77.63,2023-03-12 19:20:34
433,Balor,Demonic,4,Rank 1,4d4,17.23,14.86,15.17,2023-03-12 19:20:34
434,Brass Drake,Dragon,5,Rank 1,5d4+1,19.79,19.15,19.64,2023-03-12 19:20:34
435,Djinni,Elemental,5,Rank 1,5d4+1,20.13,20.42,19.63,2023-03-12 19:20:34
436,Pit Fiend,Demonic,6,Rank 1,6d4+3,23.88,23.4,23.43,2023-03-12 19:20:34
437,Ruby Faerie,Fey,4,Rank 2,4d6+1,23.99,23.42,26.4,2023-03-12 19:20:34
438,Mud Mephit,Elemental,10,Rank 2,10d6+3,60.77,59.58,61.8,2023-03-12 19:20:34
439,Sapphire Dragon,Dragon,4,Rank 5,4d12+2,52.36,53.98,45.81,2023-03-12 19:20:34
440,Succubus,Devilkin,5,Rank 1,5d4+4,20.91,21.92,21.66,2023-03-12 19:20:34
441,Ghostly Knight,Undead,4,Rank 3,4d8,31.8,31.82,29.73,2023-03-12 19:20:34
442,Smoke Spirit,Fey,11,Rank 3,11d8+1,87.43,85.15,86.56,2023-03-12 19:20:34
443,Skeletal Guard,Undead,4,Rank 1,4d4,16.42,15.92,15.78,2023-03-12 19:20:34
444,Wyvern,Dragon,11,Rank 1,11d4+1,43.76,44.74,43.03,2023-03-12 19:20:34
445,Djinni,Elemental,12,Rank 0,12d2+5,23.77,24.06,24.24,2023-03-12 19:20:34
446,Banshee,Undead,8,Rank 0,8d2,16.04,16.72,15.43,2023-03-12 19:20:34
447,Bronze Drake,Dragon,10,Rank 1,10d4+5,39.59,38.24,40.12,2023-03-12 19:20:34
448,Flame Devil,Devilkin,13,Rank 1,13d4+2,53.43,51.51,51.84,2023-03-12 19:20:34
449,Nightmare,Demonic,4,Rank 0,4d2,8.5,8.12,7.55,2023-03-12 19:20:34
450,Prismatic Dragon,Dragon,4,Rank 2,4d6+3,22.9,21.87,25.5,2023-03-12 19:20:34
451,Efreeti,Elemental,7,Rank 0,7d2+2,13.86,14.99,14.31,2023-03-12 19:20:34
452,Death Knight,Undead,3,Rank 3,3d8+3,25.3,25.72,20.32,2023-03-12 19:20:34
453,Spore Spirit,Fey,15,Rank 0,15d2+2,30.47,29.56,29.7,2023-03-12 19:20:34
454,Efreeti,Elemental,16,Rank 1,16d4+1,64.58,63.12,63.6,2023-03-12 19:20:34
455,Wyvern,Dragon,12,Rank 0,12d2,24.59,24.04,24.43,2023-03-12 19:20:34
456,Pit Lord,Devilkin,11,Rank 2,11d6+4,67.83,64.88,68.59,2023-03-12 19:20:34
457,Ghast,Undead,14,Rank 0,14d2+3,28.35,27.37,28.99,2023-03-12 19:20:34
458,Platinum Demon,Demonic,5,Rank 1,5d4+3,19.41,19.75,20.23,2023-03-12 19:20:34
459,Faerie Dragon,Dragon,5,Rank 4,5d10+3,46.85,50.94,46.79,2023-03-12 19:20:34
460,Mud Elemental,Elemental,6,Rank 0,6d2+1,11.12,11.74,11.69,2023-03-12 19:20:34
461,Diamond Demon,Demonic,2,Rank 0,2d2+3,3.88,3.39,4.59,2023-03-12 19:20:34
462,Prismatic Faerie,Fey,10,Rank 0,10d2+1,19.87,20.69,19.54,2023-03-12 19:20:34
463,Ice Mephit,Elemental,8,Rank 1,8d4+1,31.12,32.94,31.48,2023-03-12 19:20:34
464,Quasit,Demonic,9,Rank 1,9d4+2,35.18,35.79,36.99,2023-03-12 19:20:35
465,Copper Faerie,Fey,9,Rank 2,9d6+1,51.54,56.1,53.57,2023-03-12 19:20:35
466,Shadow Mephit,Elemental,12,Rank 1,12d4+4,48.02,47.39,47.18,2023-03-12 19:20:35
467,Nightmare,Demonic,5,Rank 2,5d6+5,27.7,28.18,31.53,2023-03-12 19:20:35
468,Spore Spirit,Fey,7,Rank 1,7d4,29.55,26.08,29.13,2023-03-12 19:20:35
469,Mud Mephit,Elemental,11,Rank 1,11d4+1,44.65,44.05,44.0,2023-03-12 19:20:35
470,Balor,Demonic,6,Rank 1,6d4,22.76,24.0,24.6,2023-03-12 19:20:35
471,Silver Archfey,Fey,7,Rank 1,7d4+1,28.32,26.07,29.56,2023-03-12 19:20:35
472,Dust Elemental,Elemental,5,Rank 0,5d2+4,9.14,9.6,9.48,2023-03-12 19:20:35
473,Ghast,Undead,6,Rank 0,6d2+3,11.06,12.29,11.23,2023-03-12 19:20:35
474,Faerie Dragon,Dragon,13,Rank 4,13d10+1,128.81,127.2,127.57,2023-03-12 19:20:35
475,Blue Faerie,Fey,13,Rank 0,13d2+4,26.88,25.81,26.21,2023-03-12 19:20:35
476,Djinni,Elemental,3,Rank 1,3d4+2,11.97,10.2,11.45,2023-03-12 19:20:35
477,Death Knight,Undead,9,Rank 0,9d2,18.61,17.31,17.5,2023-03-12 19:20:35
478,Nightmare,Demonic,10,Rank 1,10d4+2,39.36,40.15,40.92,2023-03-12 19:20:35
479,Ice Archfey,Fey,17,Rank 0,17d2,33.14,34.18,33.79,2023-03-12 19:20:35
480,Djinni,Elemental,3,Rank 1,3d4,10.2,11.9,10.43,2023-03-12 19:20:35
481,Wyvern,Dragon,14,Rank 3,14d8,110.35,110.15,114.47,2023-03-12 19:20:35
482,Kobold Villager,Devilkin,8,Rank 2,8d6,47.31,46.79,48.87,2023-03-12 19:20:35
483,Mummy,Undead,5,Rank 2,5d6+1,28.11,31.1,29.37,2023-03-12 19:20:35
484,Emerald Archfey,Fey,4,Rank 1,4d4+3,16.39,14.29,16.01,2023-03-12 19:20:35
485,Steam Devil,Devilkin,9,Rank 4,9d10+4,89.33,88.21,91.58,2023-03-12 19:20:35
486,Dracolich,Undead,2,Rank 0,2d2,4.06,4.95,3.01,2023-03-12 19:20:35
487,Smoke Archfey,Fey,7,Rank 1,7d4+3,27.24,26.16,28.78,2023-03-12 19:20:35
488,Goblin Knight,Devilkin,15,Rank 0,15d2+2,30.9,29.38,29.22,2023-03-12 19:20:35
489,Revenant,Undead,2,Rank 1,2d4+5,7.45,9.44,7.07,2023-03-12 19:20:35
490,Sapphire Wyrmling,Dragon,6,Rank 1,6d4+5,22.45,23.54,23.8,2023-03-12 19:20:35
491,Ice Spirit,Fey,4,Rank 2,4d6+5,23.11,22.72,24.89,2023-03-12 19:20:35
492,Efreeti,Elemental,7,Rank 0,7d2+5,14.86,14.2,13.39,2023-03-12 19:20:35
493,Pit Fiend,Demonic,8,Rank 2,8d6+2,46.9,49.47,48.8,2023-03-12 19:20:35
494,Bronze Faerie,Fey,15,Rank 0,15d2+2,29.22,29.94,30.16,2023-03-12 19:20:35
495,Lightning Elemental,Elemental,7,Rank 0,7d2+4,13.5,14.11,14.31,2023-03-12 19:20:35
496,Pit Fiend,Demonic,6,Rank 3,6d8+1,46.09,45.65,50.14,2023-03-12 19:20:35
497,Kobold Guard,Devilkin,6,Rank 1,6d4,25.7,23.14,23.81,2023-03-12 19:20:36
498,Dust Mephit,Elemental,8,Rank 3,8d8+4,65.6,66.21,61.17,2023-03-12 19:20:36
499,Quasit,Demonic,8,Rank 1,8d4+1,32.46,32.31,32.63,2023-03-12 19:20:36
500,Shadow Devil,Devilkin,14,Rank 1,14d4+1,56.71,54.69,55.91,2023-03-12 19:20:36
501,Onyx Demon,Demonic,8,Rank 0,8d2,16.71,15.06,16.94,2023-03-12 19:20:36
502,Mud Spirit,Fey,2,Rank 1,2d4+2,7.4,6.88,8.02,2023-03-12 19:20:36
503,Smoke Elemental,Elemental,2,Rank 4,2d10+1,16.16,16.19,22.48,2023-03-12 19:20:36
504,Nightmare,Demonic,6,Rank 2,6d6+1,33.18,36.57,33.47,2023-03-12 19:20:36
505,Faerie Dragon,Dragon,18,Rank 1,18d4+1,71.88,70.0,71.45,2023-03-12 19:20:36
506,Prince of Fear,Devilkin,3,Rank 1,3d4,11.4,12.97,11.69,2023-03-12 19:20:36
507,Death Knight,Undead,6,Rank 2,6d6+1,36.7,33.04,33.69,2023-03-12 19:20:36
508,Red Drake,Dragon,2,Rank 1,2d4+1,6.52,6.53,6.01,2023-03-12 19:20:36
509,Shadow Devil,Devilkin,8,Rank 0,8d2+2,15.38,16.79,16.83,2023-03-12 19:20:36
510,Revenant,Undead,9,Rank 0,9d2+3,17.81,17.29,18.42,2023-03-12 19:20:36
511,Imp,Demonic,4,Rank 0,4d2+1,8.57,7.94,8.91,2023-03-12 19:20:36
512,Green Archfey,Fey,3,Rank 3,3d8+1,22.6,27.22,25.33,2023-03-12 19:20:36
513,Steam Devil,Devilkin,8,Rank 2,8d6+1,47.54,47.03,49.48,2023-03-12 19:20:36
514,Dust Mephit,Elemental,9,Rank 1,9d4+2,35.41,37.93,37.62,2023-03-12 19:20:36
515,Black Demon,Demonic,10,Rank 3,10d8,80.24,78.76,82.09,2023-03-12 19:20:36
516,Pit Lord,Devilkin,12,Rank 0,12d2,24.23,24.46,24.66,2023-03-12 19:20:36
517,Wight,Undead,1,Rank 1,1d4+4,4.19,4.84,4.2,2023-03-12 19:20:36
518,Gold Dragon,Dragon,10,Rank 0,10d2+1,20.93,19.46,20.13,2023-03-12 19:20:36
519,Succubus,Devilkin,9,Rank 1,9d4+1,36.53,35.29,35.62,2023-03-12 19:20:36
520,Wight,Undead,7,Rank 1,7d4+4,27.17,27.98,27.02,2023-03-12 19:20:36
521,Nightmare,Demonic,7,Rank 1,7d4,27.85,29.21,27.51,2023-03-12 19:20:36
522,Prismatic Dragon,Dragon,17,Rank 0,17d2,34.9,33.38,34.98,2023-03-12 19:20:36
523,Prince of Fear,Devilkin,4,Rank 0,4d2+2,8.08,8.14,8.63,2023-03-12 19:20:36
524,Dracolich,Undead,16,Rank 1,16d4,64.32,63.03,64.31,2023-03-12 19:20:36
525,Green Faerie,Fey,12,Rank 3,12d8+5,95.51,93.21,94.54,2023-03-12 19:20:36
526,Pit Lord,Devilkin,15,Rank 4,15d10+4,147.16,149.49,152.02,2023-03-12 19:20:36
527,Lich King,Undead,2,Rank 0,2d2,3.48,4.2,3.59,2023-03-12 19:20:36
528,Emerald Drake,Dragon,15,Rank 0,15d2+2,29.79,29.37,29.19,2023-03-12 19:20:36
529,Succubus,Devilkin,11,Rank 3,11d8+3,90.44,88.15,88.23,2023-03-12 19:20:36
530,Poltergeist,Undead,4,Rank 2,4d6+2,25.33,21.83,21.03,2023-03-12 19:20:37
531,Copper Demon,Demonic,2,Rank 1,2d4+2,9.29,7.69,7.78,2023-03-12 19:20:37
532,Platinum Faerie,Fey,7,Rank 0,7d2+4,13.62,14.7,14.29,2023-03-12 19:20:37
533,Mummy,Undead,9,Rank 0,9d2+3,18.69,18.31,17.31,2023-03-12 19:20:37
534,Blue Faerie,Fey,13,Rank 2,13d6,78.37,78.29,78.52,2023-03-12 19:20:37
535,Shadow Mephit,Elemental,3,Rank 5,3d12,36.72,40.0,34.88,2023-03-12 19:20:37
536,Ghostly Villager,Undead,14,Rank 5,14d12,168.76,165.02,165.06,2023-03-12 19:20:37
537,Wyvern,Dragon,15,Rank 1,15d4,60.39,59.63,59.86,2023-03-12 19:20:37
538,Steam Spirit,Fey,8,Rank 0,8d2+2,16.98,16.68,16.36,2023-03-12 19:20:37
539,Pit Lord,Devilkin,8,Rank 2,8d6+1,46.46,48.12,46.4,2023-03-12 19:20:37
540,Revenant,Undead,10,Rank 0,10d2+4,19.45,19.46,20.52,2023-03-12 19:20:37
541,Pseudodragon,Dragon,7,Rank 2,7d6+2,40.44,42.43,43.31,2023-03-12 19:20:37
542,Mud Spirit,Fey,9,Rank 1,9d4+3,37.01,36.48,36.7,2023-03-12 19:20:37
543,Succubus,Devilkin,2,Rank 0,2d2+2,4.33,4.53,4.48,2023-03-12 19:20:37
544,Efreeti,Elemental,15,Rank 1,15d4+1,58.99,59.29,61.71,2023-03-12 19:20:37
545,Imp,Demonic,16,Rank 0,16d2+2,31.97,31.7,32.63,2023-03-12 19:20:37
546,Wyvern,Dragon,2,Rank 1,2d4+4,9.12,7.06,6.11,2023-03-12 19:20:37
547,Goblin Knight,Devilkin,18,Rank 1,18d4,72.04,71.56,72.22,2023-03-12 19:20:37
548,Night Hag,Demonic,4,Rank 0,4d2+2,7.04,7.77,8.67,2023-03-12 19:20:37
549,Brass Wyrmling,Dragon,7,Rank 0,7d2,13.23,14.72,14.91,2023-03-12 19:20:37
550,Kobold Archer,Devilkin,11,Rank 3,11d8+1,89.83,89.65,88.59,2023-03-12 19:20:37
551,Lich,Undead,2,Rank 0,2d2,3.57,3.44,3.12,2023-03-12 19:20:37
552,Onyx Dragon,Dragon,7,Rank 0,7d2+3,13.41,14.38,13.63,2023-03-12 19:20:37
553,Kobold Mage,Devilkin,11,Rank 4,11d10,111.69,109.16,109.24,2023-03-12 19:20:37
554,Pit Fiend,Demonic,3,Rank 1,3d4+1,12.92,12.88,12.19,2023-03-12 19:20:37
555,Pit Lord,Devilkin,3,Rank 3,3d8+3,21.17,21.52,26.43,2023-03-12 19:20:37
556,Demilich,Undead,12,Rank 2,12d6+1,74.68,69.67,71.3,2023-03-12 19:20:37
557,Wyvern,Dragon,13,Rank 0,13d2+1,26.09,25.83,25.39,2023-03-12 19:20:37
558,Dust Mephit,Elemental,18,Rank 0,18d2,36.72,35.22,35.77,2023-03-12 19:20:37
559,Sapphire Demon,Demonic,8,Rank 1,8d4+2,31.55,31.76,32.43,2023-03-12 19:20:37
560,Succubus,Devilkin,6,Rank 2,6d6,34.52,35.72,35.36,2023-03-12 19:20:37
561,Efreeti,Elemental,18,Rank 4,18d10+4,181.36,182.89,183.72,2023-03-12 19:20:37
562,Mummy Lord,Undead,2,Rank 1,2d4+2,8.46,8.91,6.73,2023-03-12 19:20:37
563,Bronze Dragon,Dragon,7,Rank 0,7d2+2,13.53,13.04,13.51,2023-03-12 19:20:38
564,Prismatic Faerie,Fey,5,Rank 0,5d2+3,10.75,9.54,10.56,2023-03-12 19:20:38
565,Ice Mephit,Elemental,12,Rank 0,12d2+1,24.5,24.19,24.38,2023-03-12 19:20:38
566,Nightmare,Demonic,4,Rank 2,4d6+3,21.35,21.55,22.58,2023-03-12 19:20:38
567,Steam Archfey,Fey,2,Rank 0,2d2+4,3.24,4.14,3.58,2023-03-12 19:20:38
568,Efreeti,Elemental,4,Rank 1,4d4,15.32,17.21,15.03,2023-03-12 19:20:38
569,Revenant,Undead,9,Rank 3,9d8+2,73.32,69.39,69.18,2023-03-12 19:20:38
570,Sapphire Wyrmling,Dragon,7,Rank 2,7d6,41.21,42.71,43.06,2023-03-12 19:20:38
571,Smoke Devil,Devilkin,13,Rank 1,13d4,52.07,51.48,52.84,2023-03-12 19:20:38
572,Skeletal Knight,Undead,4,Rank 1,4d4,15.43,16.75,15.02,2023-03-12 19:20:38
573,Faerie Dragon,Dragon,13,Rank 0,13d2+1,26.01,26.08,26.8,2023-03-12 19:20:38
574,Pit Lord,Devilkin,18,Rank 2,18d6,105.37,108.45,107.74,2023-03-12 19:20:38
575,Flame Mephit,Elemental,9,Rank 1,9d4+1,34.86,36.34,35.75,2023-03-12 19:20:38
576,Green Wyrmling,Dragon,4,Rank 0,4d2,7.66,8.59,7.59,2023-03-12 19:20:38
577,Steam Mephit,Elemental,4,Rank 3,4d8,34.6,32.07,29.92,2023-03-12 19:20:38
578,Nightmare,Demonic,7,Rank 0,7d2+4,14.32,13.86,14.95,2023-03-12 19:20:38
579,Gold Archfey,Fey,5,Rank 1,5d4,19.78,18.76,20.18,2023-03-12 19:20:38
580,Magma Mephit,Elemental,7,Rank 0,7d2+3,13.24,14.47,13.21,2023-03-12 19:20:38
581,Imp,Demonic,7,Rank 4,7d10,68.74,74.9,73.92,2023-03-12 19:20:38
582,Copper Faerie,Fey,7,Rank 4,7d10,74.75,72.27,69.67,2023-03-12 19:20:38
583,Flame Devil,Devilkin,8,Rank 0,8d2,16.99,16.22,16.96,2023-03-12 19:20:38
584,Djinni,Elemental,12,Rank 1,12d4,47.05,48.43,47.09,2023-03-12 19:20:39
585,Skeletal Archer,Undead,8,Rank 2,8d6+2,47.87,49.14,45.48,2023-03-12 19:20:39
586,Night Hag,Demonic,15,Rank 3,15d8+3,122.61,119.96,116.1,2023-03-12 19:20:39
587,Mud Spirit,Fey,5,Rank 0,5d2+2,10.07,10.96,10.73,2023-03-12 19:20:39
588,Djinni,Elemental,4,Rank 1,4d4+1,16.37,14.17,16.21,2023-03-12 19:20:39
589,Imp,Demonic,3,Rank 2,3d6+4,16.77,16.94,16.86,2023-03-12 19:20:39
590,Dust Spirit,Fey,3,Rank 2,3d6+1,18.61,15.66,16.08,2023-03-12 19:20:39
591,Shadow Elemental,Elemental,6,Rank 2,6d6,36.47,38.24,35.14,2023-03-12 19:20:39
592,Quasit,Demonic,8,Rank 5,8d12+2,90.18,95.96,98.27,2023-03-12 19:20:39
593,Green Faerie,Fey,10,Rank 4,10d10,99.2,96.45,95.2,2023-03-12 19:20:39
594,Efreeti,Elemental,5,Rank 1,5d4+2,19.15,20.42,20.94,2023-03-12 19:20:39
595,Faerie Dragon,Dragon,7,Rank 1,7d4,28.16,26.54,29.26,2023-03-12 19:20:39
596,Pit Lord,Devilkin,5,Rank 2,5d6+2,29.36,28.9,28.93,2023-03-12 19:20:39
597,Lich King,Undead,6,Rank 2,6d6,37.4,35.75,35.69,2023-03-12 19:20:39
598,Gold Faerie,Fey,17,Rank 0,17d2+2,34.74,34.21,33.01,2023-03-12 19:20:39
599,Djinni,Elemental,6,Rank 4,6d10,55.88,56.09,60.33,2023-03-12 19:20:39
600,Hell Hound,Demonic,7,Rank 4,7d10+1,69.72,67.75,74.27,2023-03-12 19:20:39
601,Prismatic Faerie,Fey,3,Rank 3,3d8+1,27.95,23.07,25.96,2023-03-12 19:20:39
602,Djinni,Elemental,2,Rank 2,2d6+1,12.39,13.24,11.53,2023-03-12 19:20:39
603,Platinum Wyrmling,Dragon,2,Rank 1,2d4+1,7.0,8.43,9.17,2023-03-12 19:20:39
604,Lightning Mephit,Elemental,5,Rank 3,5d8,38.77,37.69,38.96,2023-03-12 19:20:39
605,Imp,Demonic,2,Rank 0,2d2+3,3.96,4.27,4.36,2023-03-12 19:20:39
606,Pit Lord,Devilkin,7,Rank 0,7d2+1,13.84,13.24,14.52,2023-03-12 19:20:39
607,Wight,Undead,18,Rank 0,18d2+1,35.11,35.76,36.88,2023-03-12 19:20:39
608,Bronze Drake,Dragon,11,Rank 0,11d2,22.97,21.56,21.8,2023-03-12 19:20:39
609,Djinni,Elemental,3,Rank 0,3d2,5.72,5.2,6.7,2023-03-12 19:20:39
610,Emerald Drake,Dragon,5,Rank 0,5d2+3,10.58,9.94,9.26,2023-03-12 19:20:39
611,Goblin Mage,Devilkin,11,Rank 4,11d10,108.16,111.81,106.85,2023-03-12 19:20:39
612,Pit Fiend,Demonic,4,Rank 2,4d6+2,22.33,21.38,22.53,2023-03-12 19:20:39
613,Faerie Dragon,Dragon,3,Rank 1,3d4+2,13.38,13.73,11.37,2023-03-12 19:20:39
614,Silver Faerie,Fey,7,Rank 3,7d8+1,53.86,55.72,58.51,2023-03-12 19:20:39
615,Kobold Villager,Devilkin,10,Rank 0,10d2+1,20.59,21.0,20.29,2023-03-12 19:20:39
616,Djinni,Elemental,15,Rank 2,15d6+1,91.38,89.09,92.45,2023-03-12 19:20:39
617,Wight,Undead,5,Rank 1,5d4+3,21.71,18.28,21.69,2023-03-12 19:20:39
618,Wyvern,Dragon,18,Rank 0,18d2+2,36.4,35.3,35.7,2023-03-12 19:20:40
619,Pit Lord,Devilkin,3,Rank 1,3d4,10.77,12.19,10.17,2023-03-12 19:20:40
620,Dracolich,Undead,8,Rank 0,8d2+3,15.97,16.19,16.85,2023-03-12 19:20:40
621,Green Demon,Demonic,6,Rank 5,6d12+1,68.91,75.61,75.02,2023-03-12 19:20:40
622,Magma Spirit,Fey,7,Rank 2,7d6,44.5,43.91,43.7,2023-03-12 19:20:40
623,Djinni,Elemental,3,Rank 2,3d6+2,18.38,17.26,17.2,2023-03-12 19:20:40
624,Skeletal Archer,Undead,2,Rank 4,2d10+4,17.69,23.5,19.82,2023-03-12 19:20:40
625,Brass Wyrmling,Dragon,3,Rank 2,3d6+1,20.54,18.46,16.93,2023-03-12 19:20:40
626,Kobold Guard,Devilkin,11,Rank 1,11d4,43.19,44.97,44.28,2023-03-12 19:20:40
627,Ghostly Villager,Undead,4,Rank 4,4d10,41.29,41.72,39.82,2023-03-12 19:20:40
628,Faerie Dragon,Dragon,5,Rank 3,5d8+4,39.46,36.71,39.11,2023-03-12 19:20:40
629,Pit Lord,Devilkin,9,Rank 1,9d4,35.57,34.74,36.96,2023-03-12 19:20:40
630,Mummy,Undead,11,Rank 1,11d4+3,43.48,43.83,43.71,2023-03-12 19:20:40
631,Silver Drake,Dragon,13,Rank 0,13d2,25.65,25.72,25.7,2023-03-12 19:20:40
632,Goblin Knight,Devilkin,13,Rank 1,13d4+1,52.1,51.16,51.41,2023-03-12 19:20:40
633,Mummy,Undead,3,Rank 2,3d6,15.54,18.31,19.71,2023-03-12 19:20:40
634,Wyvern,Dragon,16,Rank 2,16d6+2,96.86,94.1,97.72,2023-03-12 19:20:40
635,Kobold Guard,Devilkin,6,Rank 0,6d2,12.66,12.95,11.93,2023-03-12 19:20:40
636,Zombie Villager,Undead,4,Rank 0,4d2,8.95,8.67,7.06,2023-03-12 19:20:40
637,Blue Demon,Demonic,3,Rank 3,3d8+3,25.2,27.88,22.7,2023-03-12 19:20:40
638,Pit Lord,Devilkin,7,Rank 2,7d6+2,41.35,44.93,41.88,2023-03-12 19:20:40
639,Ice Elemental,Elemental,7,Rank 3,7d8+1,56.47,54.68,53.16,2023-03-12 19:20:40
640,Pseudodragon,Dragon,10,Rank 3,10d8+3,77.79,81.84,82.27,2023-03-12 19:20:40
641,Prince of Fear,Devilkin,2,Rank 0,2d2,4.16,3.79,3.16,2023-03-12 19:20:40
642,Banshee,Undead,10,Rank 1,10d4,39.55,39.48,39.1,2023-03-12 19:20:40
643,Lightning Archfey,Fey,7,Rank 3,7d8,56.95,57.59,54.03,2023-03-12 19:20:40
644,Skeletal Knight,Undead,6,Rank 0,6d2,11.71,12.18,12.28,2023-03-12 19:20:40
645,Pit Fiend,Demonic,8,Rank 3,8d8,61.84,64.41,62.55,2023-03-12 19:20:40
646,White Archfey,Fey,8,Rank 0,8d2+1,16.62,16.43,15.63,2023-03-12 19:20:40
647,Wight,Undead,6,Rank 2,6d6+3,37.98,34.02,35.07,2023-03-12 19:20:40
648,Pit Fiend,Demonic,6,Rank 2,6d6+2,35.78,35.63,35.1,2023-03-12 19:20:40
649,Kobold Archer,Devilkin,12,Rank 2,12d6,71.5,69.91,70.49,2023-03-12 19:20:40
650,Balor,Demonic,16,Rank 3,16d8,127.35,127.64,130.54,2023-03-12 19:20:40
651,Mud Archfey,Fey,3,Rank 2,3d6+3,19.56,16.71,17.54,2023-03-12 19:20:41
652,Prince of Fear,Devilkin,11,Rank 0,11d2+2,22.93,22.45,21.13,2023-03-12 19:20:41
653,Wraith,Undead,18,Rank 0,18d2,35.81,35.66,36.43,2023-03-12 19:20:41
654,Hook Horror,Demonic,6,Rank 1,6d4+2,24.7,25.3,22.84,2023-03-12 19:20:41
655,Dust Spirit,Fey,6,Rank 0,6d2+1,12.7,11.59,11.93,2023-03-12 19:20:41
656,Flame Mephit,Elemental,4,Rank 1,4d4+1,15.31,15.09,15.87,2023-03-12 19:20:41
657,Balor,Demonic,14,Rank 1,14d4+3,55.37,56.37,54.4,2023-03-12 19:20:41
658,Goblin Guard,Devilkin,7,Rank 4,7d10+3,71.47,69.92,65.12,2023-03-12 19:20:41
659,Death Knight,Undead,15,Rank 1,15d4+1,59.36,58.85,60.31,2023-03-12 19:20:41
660,Pseudodragon,Dragon,5,Rank 3,5d8+2,37.18,41.89,38.08,2023-03-12 19:20:41
661,Goblin Villager,Devilkin,8,Rank 2,8d6+2,49.22,45.19,49.43,2023-03-12 19:20:41
662,Imp,Demonic,5,Rank 4,5d10+2,47.97,52.84,51.92,2023-03-12 19:20:41
663,Prince of Fear,Devilkin,3,Rank 5,3d12+2,32.06,31.16,33.61,2023-03-12 19:20:41
664,Wight,Undead,12,Rank 1,12d4+3,47.39,46.8,48.08,2023-03-12 19:20:41
665,Sapphire Archfey,Fey,14,Rank 1,14d4,55.87,54.2,55.69,2023-03-12 19:20:41
666,Prince of Fear,Devilkin,13,Rank 0,13d2,25.62,25.01,26.81,2023-03-12 19:20:41
667,Efreeti,Elemental,14,Rank 1,14d4+2,55.61,54.38,56.38,2023-03-12 19:20:41
668,Ghoul,Undead,2,Rank 3,2d8+2,13.22,15.24,16.62,2023-03-12 19:20:41
669,Wyvern,Dragon,16,Rank 3,16d8+3,128.89,128.88,130.46,2023-03-12 19:20:41
670,Prince of Fear,Devilkin,14,Rank 0,14d2+2,28.85,27.84,27.4,2023-03-12 19:20:41
671,Banshee,Undead,9,Rank 0,9d2,18.89,17.75,18.15,2023-03-12 19:20:41
672,Spore Archfey,Fey,6,Rank 3,6d8+1,50.43,51.49,48.97,2023-03-12 19:20:41
673,Efreeti,Elemental,14,Rank 1,14d4,56.59,56.16,56.44,2023-03-12 19:20:41
674,Gold Drake,Dragon,18,Rank 2,18d6+2,105.58,106.6,108.95,2023-03-12 19:20:41
675,Pit Lord,Devilkin,16,Rank 1,16d4+1,63.08,64.25,64.7,2023-03-12 19:20:41
676,Wight,Undead,9,Rank 0,9d2+3,18.5,17.58,18.19,2023-03-12 19:20:41
677,Prismatic Wyrmling,Dragon,2,Rank 2,2d6+3,11.4,13.27,12.56,2023-03-12 19:20:41
678,Magma Devil,Devilkin,2,Rank 2,2d6+1,11.38,9.41,12.17,2023-03-12 19:20:41
679,Demilich,Undead,12,Rank 0,12d2+1,24.74,24.72,23.29,2023-03-12 19:20:41
680,Silver Wyrmling,Dragon,6,Rank 1,6d4,25.46,24.6,22.48,2023-03-12 19:20:41
681,Green Archfey,Fey,15,Rank 1,15d4,58.41,59.46,60.76,2023-03-12 19:20:41
682,Ghast,Undead,7,Rank 0,7d2,13.18,14.38,14.83,2023-03-12 19:20:41
683,Emerald Demon,Demonic,11,Rank 0,11d2,21.39,21.42,21.37,2023-03-12 19:20:42
684,Pit Lord,Devilkin,5,Rank 0,5d2+3,10.47,10.86,10.8,2023-03-12 19:20:42
685,Hook Horror,Demonic,10,Rank 1,10d4+2,40.14,39.68,40.31,2023-03-12 19:20:42
686,Smoke Spirit,Fey,5,Rank 2,5d6+2,31.93,31.73,29.19,2023-03-12 19:20:42
687,Pit Lord,Devilkin,14,Rank 2,14d6+3,81.08,86.28,81.64,2023-03-12 19:20:42
688,Wight,Undead,19,Rank 5,19d12+1,228.82,222.23,230.36,2023-03-12 19:20:42
689,Ruby Drake,Dragon,6,Rank 1,6d4+2,23.76,24.32,23.24,2023-03-12 19:20:42
690,Succubus,Devilkin,10,Rank 1,10d4,39.62,40.69,40.48,2023-03-12 19:20:42
691,Lightning Elemental,Elemental,2,Rank 2,2d6+1,13.88,10.91,14.42,2023-03-12 19:20:42
692,Hell Hound,Demonic,5,Rank 1,5d4+1,20.01,20.28,21.04,2023-03-12 19:20:42
693,Green Faerie,Fey,3,Rank 2,3d6+2,15.08,16.46,20.64,2023-03-12 19:20:42
694,Dust Devil,Devilkin,3,Rank 3,3d8+4,21.66,21.13,24.9,2023-03-12 19:20:42
695,Vampire,Undead,2,Rank 0,2d2+3,4.35,4.13,4.28,2023-03-12 19:20:42
696,Wyvern,Dragon,11,Rank 1,11d4+2,43.15,44.7,43.6,2023-03-12 19:20:42
697,Flame Devil,Devilkin,3,Rank 1,3d4,11.48,10.2,12.24,2023-03-12 19:20:42
698,Zombie Archer,Undead,5,Rank 1,5d4+2,20.22,20.57,19.75,2023-03-12 19:20:42
699,Steam Spirit,Fey,12,Rank 2,12d6,72.28,71.84,70.38,2023-03-12 19:20:42
700,Vampire,Undead,5,Rank 5,5d12+1,54.94,62.9,64.68,2023-03-12 19:20:42
701,Pseudodragon,Dragon,19,Rank 1,19d4,75.92,76.16,77.43,2023-03-12 19:20:42
702,Smoke Spirit,Fey,10,Rank 0,10d2,20.56,20.27,20.03,2023-03-12 19:20:42
703,Efreeti,Elemental,14,Rank 0,14d2+5,27.07,28.47,27.15,2023-03-12 19:20:42
704,Brass Dragon,Dragon,2,Rank 0,2d2,3.06,4.34,4.78,2023-03-12 19:20:42
705,Kobold Guard,Devilkin,3,Rank 0,3d2,6.33,6.38,5.96,2023-03-12 19:20:42
706,Djinni,Elemental,6,Rank 0,6d2+3,12.79,12.31,12.31,2023-03-12 19:20:42
707,Pit Fiend,Demonic,3,Rank 2,3d6+5,20.52,15.88,16.06,2023-03-12 19:20:42
708,Wyvern,Dragon,5,Rank 2,5d6+3,28.36,29.53,30.21,2023-03-12 19:20:42
709,Prince of Fear,Devilkin,8,Rank 2,8d6+1,47.82,50.26,48.34,2023-03-12 19:20:42
710,Night Hag,Demonic,15,Rank 5,15d12+2,174.07,185.13,182.46,2023-03-12 19:20:42
711,Faerie Dragon,Dragon,9,Rank 1,9d4+2,34.89,36.87,35.63,2023-03-12 19:20:42
712,Prince of Fear,Devilkin,6,Rank 1,6d4+2,25.26,23.04,25.39,2023-03-12 19:20:42
713,Banshee,Undead,3,Rank 4,3d10+4,32.4,33.23,27.14,2023-03-12 19:20:42
714,Copper Drake,Dragon,4,Rank 0,4d2+4,7.56,8.53,8.61,2023-03-12 19:20:42
715,Prince of Fear,Devilkin,15,Rank 2,15d6,91.25,90.17,88.82,2023-03-12 19:20:42
716,Balor,Demonic,3,Rank 2,3d6+1,18.72,15.21,18.7,2023-03-12 19:20:43
717,Spore Spirit,Fey,3,Rank 1,3d4+4,10.41,10.04,11.68,2023-03-12 19:20:43
718,Djinni,Elemental,7,Rank 0,7d2,13.0,14.54,13.93,2023-03-12 19:20:43
719,Imp,Demonic,9,Rank 2,9d6,56.61,54.41,53.84,2023-03-12 19:20:43
720,Mud Archfey,Fey,7,Rank 0,7d2+1,13.92,14.01,13.1,2023-03-12 19:20:43
721,Dust Elemental,Elemental,2,Rank 1,2d4+1,8.34,8.9,7.12,2023-03-12 19:20:43
722,Imp,Demonic,9,Rank 1,9d4+3,36.74,37.99,36.99,2023-03-12 19:20:43
723,Blue Archfey,Fey,1,Rank 0,1d2,1.89,2.29,2.81,2023-03-12 19:20:43
724,Flame Elemental,Elemental,5,Rank 0,5d2,9.28,10.87,10.45,2023-03-12 19:20:43
725,Balor,Demonic,3,Rank 2,3d6+1,19.08,16.0,17.56,2023-03-12 19:20:43
726,Succubus,Devilkin,16,Rank 1,16d4,63.09,62.28,64.73,2023-03-12 19:20:43
727,Lightning Mephit,Elemental,7,Rank 3,7d8+1,53.14,53.83,56.81,2023-03-12 19:20:43
728,Revenant,Undead,3,Rank 2,3d6,20.22,16.76,18.8,2023-03-12 19:20:43
729,Faerie Dragon,Dragon,14,Rank 1,14d4,54.04,56.09,55.42,2023-03-12 19:20:43
730,Kobold Villager,Devilkin,15,Rank 2,15d6,90.65,88.4,91.98,2023-03-12 19:20:43
731,Vampire,Undead,15,Rank 2,15d6+1,90.79,92.32,87.73,2023-03-12 19:20:43
732,Pseudodragon,Dragon,9,Rank 2,9d6,54.08,53.08,55.15,2023-03-12 19:20:43
733,Djinni,Elemental,7,Rank 2,7d6+4,41.91,40.07,40.65,2023-03-12 19:20:43
734,Quasit,Demonic,17,Rank 1,17d4+3,67.66,66.09,67.39,2023-03-12 19:20:43
735,Smoke Spirit,Fey,4,Rank 0,4d2,7.95,7.9,8.75,2023-03-12 19:20:43
736,Goblin Archer,Devilkin,5,Rank 0,5d2+1,9.71,10.7,10.88,2023-03-12 19:20:43
737,Revenant,Undead,3,Rank 3,3d8+4,23.04,26.99,27.84,2023-03-12 19:20:43
738,Nightmare,Demonic,3,Rank 1,3d4+3,11.25,13.27,10.52,2023-03-12 19:20:43
739,Shadow Archfey,Fey,11,Rank 3,11d8+3,84.14,87.3,87.61,2023-03-12 19:20:43
740,Efreeti,Elemental,1,Rank 1,1d4,3.27,4.02,4.7,2023-03-12 19:20:43
741,Diamond Dragon,Dragon,17,Rank 1,17d4+4,67.87,67.57,67.96,2023-03-12 19:20:43
742,Kobold Mage,Devilkin,3,Rank 2,3d6+4,17.78,18.75,16.31,2023-03-12 19:20:43
743,Mummy,Undead,9,Rank 0,9d2+3,18.86,18.92,17.71,2023-03-12 19:20:43
744,Emerald Drake,Dragon,9,Rank 2,9d6,54.11,55.19,52.19,2023-03-12 19:20:43
745,Goblin Villager,Devilkin,5,Rank 2,5d6+2,27.96,30.54,29.54,2023-03-12 19:20:43
746,Ghoul,Undead,4,Rank 0,4d2,7.22,8.73,8.49,2023-03-12 19:20:43
747,Sapphire Wyrmling,Dragon,3,Rank 1,3d4+5,11.59,10.94,10.5,2023-03-12 19:20:43
748,Mud Devil,Devilkin,6,Rank 0,6d2+2,11.77,11.53,11.43,2023-03-12 19:20:44
749,Mummy,Undead,4,Rank 1,4d4+3,17.04,15.12,16.73,2023-03-12 19:20:44
750,Wyvern,Dragon,7,Rank 3,7d8+3,53.16,54.62,58.16,2023-03-12 19:20:44
751,Pit Lord,Devilkin,10,Rank 0,10d2+2,19.78,20.16,20.83,2023-03-12 19:20:44
752,Night Hag,Demonic,3,Rank 3,3d8+3,25.59,24.45,23.68,2023-03-12 19:20:44
753,Gold Archfey,Fey,2,Rank 1,2d4,7.03,6.24,9.4,2023-03-12 19:20:44
754,Prince of Fear,Devilkin,6,Rank 2,6d6+1,34.63,35.1,36.2,2023-03-12 19:20:44
755,Death Knight,Undead,9,Rank 0,9d2+2,17.61,17.42,17.4,2023-03-12 19:20:44
756,Faerie Dragon,Dragon,11,Rank 2,11d6,66.77,65.45,66.27,2023-03-12 19:20:44
757,Succubus,Devilkin,17,Rank 2,17d6+4,102.03,102.46,103.3,2023-03-12 19:20:44
758,Wraith,Undead,10,Rank 0,10d2+1,19.25,20.56,20.93,2023-03-12 19:20:44
759,Diamond Wyrmling,Dragon,10,Rank 0,10d2,19.14,19.27,19.67,2023-03-12 19:20:44
760,Prince of Fear,Devilkin,11,Rank 1,11d4+1,45.15,42.95,42.32,2023-03-12 19:20:44
761,Flame Mephit,Elemental,11,Rank 1,11d4+4,43.26,44.49,43.16,2023-03-12 19:20:44
762,Imp,Demonic,17,Rank 1,17d4+4,68.76,69.0,68.73,2023-03-12 19:20:44
763,Wyvern,Dragon,15,Rank 3,15d8+4,117.04,117.54,118.48,2023-03-12 19:20:44
764,Goblin Archer,Devilkin,10,Rank 1,10d4,39.22,38.6,41.05,2023-03-12 19:20:44
765,Efreeti,Elemental,17,Rank 1,17d4+3,69.64,66.23,67.64,2023-03-12 19:20:44
766,Pit Fiend,Demonic,11,Rank 2,11d6+4,65.64,65.79,68.38,2023-03-12 19:20:44
767,Pit Lord,Devilkin,6,Rank 0,6d2+1,11.0,11.62,12.69,2023-03-12 19:20:44
768,Quasit,Demonic,6,Rank 0,6d2,11.13,11.41,11.4,2023-03-12 19:20:44
769,Steam Archfey,Fey,14,Rank 3,14d8+3,111.97,113.69,115.61,2023-03-12 19:20:44
770,Smoke Elemental,Elemental,14,Rank 0,14d2+1,27.41,27.1,27.41,2023-03-12 19:20:44
771,Dracolich,Undead,4,Rank 0,4d2+2,8.95,7.17,7.34,2023-03-12 19:20:44
772,Ruby Drake,Dragon,6,Rank 0,6d2,12.85,12.52,11.58,2023-03-12 19:20:44
773,Pit Lord,Devilkin,2,Rank 0,2d2+1,3.85,3.98,4.92,2023-03-12 19:20:44
774,Skeletal Mage,Undead,7,Rank 5,7d12+2,85.54,83.49,88.2,2023-03-12 19:20:44
775,Blue Demon,Demonic,4,Rank 2,4d6,22.17,23.99,25.64,2023-03-12 19:20:44
776,Emerald Drake,Dragon,4,Rank 5,4d12+2,48.24,51.41,51.62,2023-03-12 19:20:44
777,Incubus,Devilkin,7,Rank 0,7d2+1,13.02,13.91,14.13,2023-03-12 19:20:44
778,Poltergeist,Undead,15,Rank 3,15d8+1,121.7,120.12,117.26,2023-03-12 19:20:44
779,Pseudodragon,Dragon,19,Rank 2,19d6+2,111.0,115.36,114.49,2023-03-12 19:20:44
780,Efreeti,Elemental,4,Rank 2,4d6+3,23.33,23.89,25.53,2023-03-12 19:20:44
781,Pit Fiend,Demonic,6,Rank 4,6d10+2,58.74,63.18,61.44,2023-03-12 19:20:44
782,Silver Dragon,Dragon,15,Rank 1,15d4+2,60.63,61.42,59.48,2023-03-12 19:20:45
783,Pit Lord,Devilkin,1,Rank 1,1d4+1,4.86,4.46,4.33,2023-03-12 19:20:45
784,Lich,Undead,7,Rank 3,7d8+2,54.42,58.47,56.8,2023-03-12 19:20:45
785,Spore Spirit,Fey,19,Rank 0,19d2+2,38.66,38.05,38.92,2023-03-12 19:20:45
786,Revenant,Undead,6,Rank 0,6d2+1,11.46,12.05,12.83,2023-03-12 19:20:45
787,Quasit,Demonic,2,Rank 0,2d2+2,4.24,4.94,4.35,2023-03-12 19:20:45
788,Mud Spirit,Fey,5,Rank 2,5d6,32.24,28.57,32.07,2023-03-12 19:20:45
789,Goblin Knight,Devilkin,4,Rank 3,4d8+4,33.16,34.49,35.46,2023-03-12 19:20:45
790,Hook Horror,Demonic,6,Rank 1,6d4+3,22.25,23.04,22.82,2023-03-12 19:20:45
791,Red Faerie,Fey,17,Rank 3,17d8,134.72,136.81,136.42,2023-03-12 19:20:45
792,Magma Mephit,Elemental,6,Rank 0,6d2,11.44,12.41,11.63,2023-03-12 19:20:45
793,Faerie Dragon,Dragon,9,Rank 2,9d6+2,56.02,56.26,53.87,2023-03-12 19:20:45
794,Prince of Fear,Devilkin,6,Rank 3,6d8,48.72,46.3,48.63,2023-03-12 19:20:45
795,Ice Elemental,Elemental,3,Rank 1,3d4+4,12.07,10.28,10.4,2023-03-12 19:20:45
796,Vampire,Undead,2,Rank 1,2d4+3,6.58,6.77,7.46,2023-03-12 19:20:45
797,Imp,Demonic,4,Rank 1,4d4+1,16.28,17.19,15.02,2023-03-12 19:20:45
798,Bronze Archfey,Fey,12,Rank 0,12d2,24.77,24.97,23.31,2023-03-12 19:20:45
799,Lightning Elemental,Elemental,12,Rank 2,12d6+2,73.1,70.83,72.59,2023-03-12 19:20:45
800,White Drake,Dragon,10,Rank 1,10d4+2,38.19,39.46,40.27,2023-03-12 19:20:45
801,Magma Devil,Devilkin,2,Rank 3,2d8+1,14.62,13.52,13.4,2023-03-12 19:20:45
802,Vampire,Undead,4,Rank 0,4d2+3,7.98,8.67,7.77,2023-03-12 19:20:45
803,Faerie Dragon,Dragon,8,Rank 2,8d6,50.33,49.9,50.07,2023-03-12 19:20:45
804,Prince of Fear,Devilkin,16,Rank 1,16d4+4,64.2,64.89,63.97,2023-03-12 19:20:45
805,Wraith,Undead,8,Rank 2,8d6+2,50.14,48.29,49.89,2023-03-12 19:20:45
806,Faerie Dragon,Dragon,16,Rank 4,16d10+3,163.52,164.7,159.16,2023-03-12 19:20:45
807,Ice Devil,Devilkin,4,Rank 0,4d2,8.58,8.36,7.84,2023-03-12 19:20:45
808,Efreeti,Elemental,10,Rank 1,10d4+3,40.65,40.44,41.16,2023-03-12 19:20:45
809,Nightmare,Demonic,6,Rank 0,6d2+1,12.08,11.58,11.3,2023-03-12 19:20:45
810,Red Dragon,Dragon,8,Rank 0,8d2,16.33,15.8,15.54,2023-03-12 19:20:45
811,Efreeti,Elemental,7,Rank 0,7d2,13.01,14.5,13.45,2023-03-12 19:20:45
812,Banshee,Undead,10,Rank 3,10d8,78.15,81.25,81.36,2023-03-12 19:20:45
813,Bronze Drake,Dragon,6,Rank 0,6d2,11.51,12.92,11.17,2023-03-12 19:20:46
814,Pit Lord,Devilkin,1,Rank 3,1d8+4,8.15,9.11,6.08,2023-03-12 19:20:46
815,Poltergeist,Undead,3,Rank 1,3d4+4,11.96,12.63,12.28,2023-03-12 19:20:46
816,Pseudodragon,Dragon,3,Rank 1,3d4+3,11.93,13.41,11.84,2023-03-12 19:20:46
817,Djinni,Elemental,2,Rank 0,2d2,4.62,3.39,3.86,2023-03-12 19:20:46
818,Night Hag,Demonic,4,Rank 0,4d2,7.13,8.94,8.17,2023-03-12 19:20:46
819,Prismatic Faerie,Fey,18,Rank 1,18d4+5,71.95,70.9,71.65,2023-03-12 19:20:46
820,Spore Devil,Devilkin,5,Rank 1,5d4,19.42,19.62,18.26,2023-03-12 19:20:46
821,Ghostly Guard,Undead,6,Rank 0,6d2+4,11.93,11.92,12.39,2023-03-12 19:20:46
822,Quasit,Demonic,13,Rank 0,13d2+1,26.96,25.0,26.85,2023-03-12 19:20:46
823,Magma Archfey,Fey,9,Rank 0,9d2+1,18.19,18.1,18.44,2023-03-12 19:20:46
824,Djinni,Elemental,8,Rank 0,8d2,15.48,15.76,16.07,2023-03-12 19:20:46
825,Night Hag,Demonic,19,Rank 0,19d2,38.89,37.13,37.29,2023-03-12 19:20:46
826,Ice Spirit,Fey,5,Rank 3,5d8+3,41.97,37.98,39.21,2023-03-12 19:20:46
827,Spore Elemental,Elemental,7,Rank 3,7d8+2,58.61,58.31,53.48,2023-03-12 19:20:46
828,Nightmare,Demonic,6,Rank 0,6d2,12.1,11.99,12.83,2023-03-12 19:20:46
829,Magma Spirit,Fey,12,Rank 1,12d4,46.62,48.17,47.14,2023-03-12 19:20:46
830,Efreeti,Elemental,2,Rank 1,2d4+4,8.68,9.23,6.16,2023-03-12 19:20:46
831,Pit Fiend,Demonic,9,Rank 2,9d6+3,51.76,53.97,54.88,2023-03-12 19:20:46
832,Pseudodragon,Dragon,2,Rank 2,2d6+2,11.62,12.94,12.17,2023-03-12 19:20:46
833,Efreeti,Elemental,18,Rank 0,18d2+2,35.68,35.8,36.97,2023-03-12 19:20:46
834,Lich,Undead,5,Rank 0,5d2+3,9.49,9.33,10.86,2023-03-12 19:20:46
835,Nightmare,Demonic,5,Rank 1,5d4+3,20.19,20.7,18.79,2023-03-12 19:20:46
836,Flame Spirit,Fey,3,Rank 0,3d2+1,5.24,5.56,6.98,2023-03-12 19:20:46
837,Mummy,Undead,16,Rank 2,16d6+1,95.7,97.8,95.98,2023-03-12 19:20:46
838,Ruby Faerie,Fey,15,Rank 0,15d2,29.87,29.51,29.77,2023-03-12 19:20:46
839,Djinni,Elemental,4,Rank 0,4d2+2,8.98,8.55,8.97,2023-03-12 19:20:46
840,Hell Hound,Demonic,10,Rank 3,10d8+5,79.91,81.93,79.43,2023-03-12 19:20:46
841,Prince of Fear,Devilkin,13,Rank 2,13d6,79.64,78.06,78.79,2023-03-12 19:20:46
842,Dracolich,Undead,11,Rank 1,11d4,42.34,42.4,44.63,2023-03-12 19:20:46
843,Pseudodragon,Dragon,17,Rank 1,17d4+1,67.1,69.34,66.62,2023-03-12 19:20:46
844,Kobold Villager,Devilkin,4,Rank 2,4d6,21.49,22.99,24.72,2023-03-12 19:20:46
845,Ghoul,Undead,17,Rank 3,17d8,137.13,136.05,138.95,2023-03-12 19:20:46
846,Faerie Dragon,Dragon,16,Rank 2,16d6+3,94.16,93.03,96.38,2023-03-12 19:20:46
847,Kobold Knight,Devilkin,9,Rank 5,9d12+1,108.09,113.31,110.28,2023-03-12 19:20:47
848,Vampire,Undead,13,Rank 0,13d2,25.01,26.9,26.16,2023-03-12 19:20:47
849,Lightning Spirit,Fey,4,Rank 1,4d4+1,16.2,17.96,16.76,2023-03-12 19:20:47
850,Efreeti,Elemental,5,Rank 2,5d6+1,29.98,30.23,29.85,2023-03-12 19:20:47
851,Quasit,Demonic,7,Rank 1,7d4+1,27.72,27.63,28.19,2023-03-12 19:20:47
852,Red Dragon,Dragon,12,Rank 3,12d8+2,98.94,99.93,93.46,2023-03-12 19:20:47
853,Goblin Guard,Devilkin,5,Rank 1,5d4+3,21.31,18.46,20.2,2023-03-12 19:20:47
854,Dracolich,Undead,5,Rank 4,5d10+2,50.76,48.66,46.22,2023-03-12 19:20:47
855,Balor,Demonic,14,Rank 3,14d8,113.21,113.53,112.7,2023-03-12 19:20:47
856,Pseudodragon,Dragon,5,Rank 0,5d2+2,9.11,9.76,10.81,2023-03-12 19:20:47
857,Prince of Fear,Devilkin,4,Rank 1,4d4,14.58,15.38,14.67,2023-03-12 19:20:47
858,Magma Elemental,Elemental,5,Rank 1,5d4+4,18.63,21.84,21.52,2023-03-12 19:20:47
859,Mummy Lord,Undead,2,Rank 0,2d2+2,3.19,3.07,4.54,2023-03-12 19:20:47
860,Faerie Dragon,Dragon,15,Rank 0,15d2+1,29.21,30.39,30.75,2023-03-12 19:20:47
861,Kobold Villager,Devilkin,8,Rank 4,8d10+2,78.05,77.78,75.25,2023-03-12 19:20:47
862,Revenant,Undead,3,Rank 0,3d2,5.54,6.79,5.21,2023-03-12 19:20:47
863,Gold Drake,Dragon,7,Rank 0,7d2,13.93,13.63,13.13,2023-03-12 19:20:47
864,Ice Elemental,Elemental,14,Rank 0,14d2,27.44,28.92,27.78,2023-03-12 19:20:47
865,Night Hag,Demonic,4,Rank 4,4d10+1,41.97,43.95,38.62,2023-03-12 19:20:47
866,White Faerie,Fey,3,Rank 0,3d2+1,5.78,5.38,5.74,2023-03-12 19:20:47
867,Djinni,Elemental,14,Rank 0,14d2+2,28.97,28.97,28.84,2023-03-12 19:20:47
868,Copper Dragon,Dragon,17,Rank 1,17d4,68.35,68.37,67.33,2023-03-12 19:20:47
869,Efreeti,Elemental,2,Rank 2,2d6+3,14.6,14.05,12.59,2023-03-12 19:20:47
870,Faerie Dragon,Dragon,2,Rank 2,2d6,11.94,12.66,10.07,2023-03-12 19:20:47
871,Shadow Spirit,Fey,2,Rank 0,2d2,3.5,3.08,4.64,2023-03-12 19:20:47
872,Steam Devil,Devilkin,16,Rank 4,16d10+1,160.95,158.21,157.96,2023-03-12 19:20:47
873,Dracolich,Undead,8,Rank 2,8d6,48.84,46.09,48.9,2023-03-12 19:20:47
874,Smoke Spirit,Fey,12,Rank 2,12d6+1,72.04,71.62,71.2,2023-03-12 19:20:47
875,Efreeti,Elemental,6,Rank 3,6d8+4,47.8,46.27,48.06,2023-03-12 19:20:47
876,Green Drake,Dragon,12,Rank 0,12d2+2,23.93,24.58,24.15,2023-03-12 19:20:47
877,Djinni,Elemental,15,Rank 2,15d6+1,92.77,93.0,89.31,2023-03-12 19:20:47
878,Poltergeist,Undead,10,Rank 0,10d2+1,20.71,19.25,20.38,2023-03-12 19:20:47
879,Diamond Wyrmling,Dragon,3,Rank 2,3d6+1,16.64,17.57,15.03,2023-03-12 19:20:48
880,Spore Elemental,Elemental,9,Rank 5,9d12,112.92,103.02,110.02,2023-03-12 19:20:48
881,Nightmare,Demonic,5,Rank 1,5d4+3,19.06,19.81,20.59,2023-03-12 19:20:48
882,White Archfey,Fey,3,Rank 1,3d4+1,10.68,11.37,11.14,2023-03-12 19:20:48
883,Djinni,Elemental,3,Rank 1,3d4,11.18,10.36,10.27,2023-03-12 19:20:48
884,Faerie Dragon,Dragon,4,Rank 5,4d12+4,43.97,52.58,49.25,2023-03-12 19:20:48
885,Pit Lord,Devilkin,2,Rank 4,2d10+2,19.18,22.78,17.91,2023-03-12 19:20:48
886,Revenant,Undead,4,Rank 2,4d6+1,23.78,21.37,24.64,2023-03-12 19:20:48
887,Steam Archfey,Fey,1,Rank 3,1d8+2,8.62,6.87,6.06,2023-03-12 19:20:48
888,Efreeti,Elemental,11,Rank 2,11d6+2,66.18,67.77,67.97,2023-03-12 19:20:48
889,Sapphire Demon,Demonic,8,Rank 0,8d2+2,16.63,15.17,16.94,2023-03-12 19:20:48
890,Wyvern,Dragon,10,Rank 0,10d2+4,19.11,20.25,20.41,2023-03-12 19:20:48
891,Kobold Archer,Devilkin,7,Rank 1,7d4,27.44,26.05,26.29,2023-03-12 19:20:48
892,Dracolich,Undead,17,Rank 1,17d4+4,69.09,67.7,69.89,2023-03-12 19:20:48
893,Mud Spirit,Fey,2,Rank 0,2d2,3.5,4.29,3.12,2023-03-12 19:20:48
894,Ice Mephit,Elemental,6,Rank 1,6d4+2,24.76,24.71,22.8,2023-03-12 19:20:48
895,Balor,Demonic,13,Rank 5,13d12,158.97,157.72,155.0,2023-03-12 19:20:48
896,Lightning Spirit,Fey,3,Rank 0,3d2+5,5.17,5.72,5.87,2023-03-12 19:20:48
897,Goblin Mage,Devilkin,11,Rank 0,11d2+4,22.38,21.64,22.03,2023-03-12 19:20:48
898,Ghostly Knight,Undead,4,Rank 1,4d4+3,15.19,17.06,17.62,2023-03-12 19:20:48
899,Green Wyrmling,Dragon,3,Rank 2,3d6+1,18.89,19.0,16.0,2023-03-12 19:20:48
900,Dust Devil,Devilkin,8,Rank 4,8d10+1,83.0,82.6,77.52,2023-03-12 19:20:48
901,Flame Mephit,Elemental,7,Rank 1,7d4+3,27.69,27.16,27.63,2023-03-12 19:20:48
902,Hell Hound,Demonic,9,Rank 0,9d2+2,17.2,17.24,17.74,2023-03-12 19:20:48
903,Prince of Fear,Devilkin,17,Rank 4,17d10+2,165.28,173.13,169.55,2023-03-12 19:20:48
904,Efreeti,Elemental,4,Rank 4,4d10+2,39.88,39.14,35.15,2023-03-12 19:20:48
905,Imp,Demonic,8,Rank 1,8d4,31.81,32.23,32.56,2023-03-12 19:20:48
906,Wyvern,Dragon,5,Rank 0,5d2,9.6,9.49,10.8,2023-03-12 19:20:48
907,Steam Spirit,Fey,10,Rank 4,10d10+1,103.9,96.61,99.61,2023-03-12 19:20:48
908,Smoke Elemental,Elemental,9,Rank 2,9d6+2,54.07,53.64,51.36,2023-03-12 19:20:48
909,Imp,Demonic,10,Rank 2,10d6+2,58.66,60.2,59.04,2023-03-12 19:20:48
910,Emerald Faerie,Fey,16,Rank 1,16d4+1,65.37,64.87,63.46,2023-03-12 19:20:48
911,Spore Elemental,Elemental,5,Rank 1,5d4+4,19.73,18.47,20.72,2023-03-12 19:20:48
912,Silver Dragon,Dragon,4,Rank 0,4d2,8.96,8.72,7.68,2023-03-12 19:20:49
913,Efreeti,Elemental,8,Rank 2,8d6+4,49.36,49.0,47.35,2023-03-12 19:20:49
914,Blue Wyrmling,Dragon,6,Rank 0,6d2+2,12.87,11.89,11.7,2023-03-12 19:20:49
915,Steam Devil,Devilkin,9,Rank 4,9d10+1,88.75,88.32,87.99,2023-03-12 19:20:49
916,Mummy,Undead,8,Rank 0,8d2,15.28,16.84,16.51,2023-03-12 19:20:49
917,Magma Spirit,Fey,2,Rank 1,2d4+5,6.91,7.61,9.53,2023-03-12 19:20:49
918,Succubus,Devilkin,17,Rank 0,17d2+2,34.68,33.58,33.96,2023-03-12 19:20:49
919,Flame Mephit,Elemental,10,Rank 2,10d6+3,58.8,62.18,59.61,2023-03-12 19:20:49
920,Ghast,Undead,10,Rank 2,10d6,57.97,57.19,61.63,2023-03-12 19:20:49
921,White Archfey,Fey,7,Rank 0,7d2,13.33,14.49,14.38,2023-03-12 19:20:49
922,Steam Mephit,Elemental,13,Rank 0,13d2+4,25.27,25.87,25.14,2023-03-12 19:20:49
923,Balor,Demonic,9,Rank 0,9d2,17.18,17.02,17.12,2023-03-12 19:20:49
924,Goblin Guard,Devilkin,4,Rank 0,4d2,7.33,8.19,7.64,2023-03-12 19:20:49
925,Lich,Undead,10,Rank 0,10d2+2,20.72,19.19,20.72,2023-03-12 19:20:49
926,Silver Demon,Demonic,3,Rank 1,3d4+3,12.83,10.58,12.95,2023-03-12 19:20:49
927,Black Faerie,Fey,5,Rank 3,5d8+1,41.9,37.1,41.36,2023-03-12 19:20:49
928,Demilich,Undead,15,Rank 1,15d4,61.49,60.23,60.44,2023-03-12 19:20:49
929,Wyvern,Dragon,2,Rank 1,2d4+2,8.25,9.57,7.39,2023-03-12 19:20:49
930,Magma Archfey,Fey,15,Rank 0,15d2+1,29.82,30.39,29.49,2023-03-12 19:20:49
931,Skeletal Villager,Undead,9,Rank 1,9d4+3,34.82,36.28,36.6,2023-03-12 19:20:49
932,Balor,Demonic,6,Rank 2,6d6+3,35.25,37.4,35.89,2023-03-12 19:20:49
933,White Faerie,Fey,7,Rank 4,7d10+1,71.7,67.47,68.94,2023-03-12 19:20:49
934,Flame Elemental,Elemental,8,Rank 1,8d4,33.16,31.74,33.6,2023-03-12 19:20:49
935,Imp,Demonic,5,Rank 2,5d6+3,31.04,28.59,29.9,2023-03-12 19:20:49
936,Sapphire Archfey,Fey,7,Rank 5,7d12,87.4,82.68,83.62,2023-03-12 19:20:49
937,Efreeti,Elemental,10,Rank 2,10d6,61.37,59.57,62.11,2023-03-12 19:20:49
938,Hook Horror,Demonic,3,Rank 1,3d4,11.37,12.55,11.44,2023-03-12 19:20:49
939,Wyvern,Dragon,14,Rank 1,14d4+2,55.24,57.76,57.48,2023-03-12 19:20:49
940,Efreeti,Elemental,11,Rank 3,11d8+4,91.34,85.84,91.18,2023-03-12 19:20:49
941,Green Demon,Demonic,11,Rank 5,11d12+4,135.08,129.54,126.81,2023-03-12 19:20:49
942,Steam Archfey,Fey,9,Rank 0,9d2+3,18.94,18.85,18.12,2023-03-12 19:20:49
943,Goblin Archer,Devilkin,7,Rank 3,7d8+2,58.06,58.79,53.03,2023-03-12 19:20:49
944,Quasit,Demonic,6,Rank 2,6d6,33.09,34.67,37.56,2023-03-12 19:20:49
945,Smoke Spirit,Fey,8,Rank 0,8d2+1,16.06,16.54,15.25,2023-03-12 19:20:50
946,Shadow Mephit,Elemental,10,Rank 4,10d10+2,103.92,96.87,101.7,2023-03-12 19:20:50
947,Hell Hound,Demonic,13,Rank 1,13d4+2,53.58,51.24,51.28,2023-03-12 19:20:50
948,Lightning Spirit,Fey,2,Rank 2,2d6+2,11.47,13.88,12.52,2023-03-12 19:20:50
949,Succubus,Devilkin,2,Rank 2,2d6+2,12.67,12.18,10.7,2023-03-12 19:20:50
950,Banshee,Undead,3,Rank 3,3d8+1,21.67,23.43,21.34,2023-03-12 19:20:50
951,Black Drake,Dragon,10,Rank 0,10d2,20.7,20.59,20.98,2023-03-12 19:20:50
952,Goblin Mage,Devilkin,7,Rank 4,7d10+2,74.05,68.24,71.18,2023-03-12 19:20:50
953,Mummy Lord,Undead,11,Rank 1,11d4+1,45.06,44.12,43.42,2023-03-12 19:20:50
954,White Dragon,Dragon,2,Rank 1,2d4+3,8.42,7.47,8.32,2023-03-12 19:20:50
955,Pit Lord,Devilkin,8,Rank 1,8d4+1,31.58,31.12,32.11,2023-03-12 19:20:50
956,Mud Elemental,Elemental,6,Rank 3,6d8+3,51.8,49.35,50.15,2023-03-12 19:20:50
957,Lich,Undead,3,Rank 1,3d4+5,12.08,11.54,12.67,2023-03-12 19:20:50
958,Onyx Drake,Dragon,10,Rank 2,10d6+3,58.64,61.75,60.66,2023-03-12 19:20:50
959,Smoke Devil,Devilkin,14,Rank 1,14d4+3,57.48,57.02,56.29,2023-03-12 19:20:50
960,Ghostly Knight,Undead,5,Rank 1,5d4+3,20.21,21.79,21.75,2023-03-12 19:20:50
961,Silver Drake,Dragon,8,Rank 1,8d4,30.87,33.27,31.84,2023-03-12 19:20:50
962,Spore Devil,Devilkin,18,Rank 1,18d4+3,70.93,71.08,71.58,2023-03-12 19:20:50
963,Zombie Guard,Undead,19,Rank 0,19d2+4,38.03,38.85,38.88,2023-03-12 19:20:50
964,Black Dragon,Dragon,3,Rank 2,3d6,17.67,17.26,16.32,2023-03-12 19:20:50
965,Goblin Villager,Devilkin,6,Rank 0,6d2+3,11.9,12.63,11.69,2023-03-12 19:20:50
966,Magma Elemental,Elemental,16,Rank 1,16d4,63.94,65.44,64.2,2023-03-12 19:20:50
967,Wyvern,Dragon,8,Rank 0,8d2+2,15.73,15.31,16.54,2023-03-12 19:20:50
968,Kobold Knight,Devilkin,4,Rank 1,4d4+5,15.55,15.55,15.23,2023-03-12 19:20:50
969,Wight,Undead,4,Rank 4,4d10+3,42.78,35.12,37.28,2023-03-12 19:20:50
970,White Faerie,Fey,2,Rank 0,2d2+2,3.82,4.88,4.0,2023-03-12 19:20:50
971,Flame Mephit,Elemental,11,Rank 0,11d2+1,22.3,21.39,21.02,2023-03-12 19:20:50
972,Pit Fiend,Demonic,3,Rank 2,3d6,17.0,19.72,18.66,2023-03-12 19:20:50
973,Red Faerie,Fey,2,Rank 1,2d4,7.88,8.03,8.29,2023-03-12 19:20:50
974,Steam Elemental,Elemental,4,Rank 1,4d4,16.45,14.45,14.56,2023-03-12 19:20:50
975,Gold Demon,Demonic,15,Rank 1,15d4,61.51,58.52,60.99,2023-03-12 19:20:50
976,Ice Spirit,Fey,17,Rank 0,17d2+2,33.94,34.83,33.78,2023-03-12 19:20:50
977,Djinni,Elemental,13,Rank 2,13d6,80.05,80.86,79.96,2023-03-12 19:20:50
978,White Dragon,Dragon,11,Rank 3,11d8+3,87.63,85.51,87.93,2023-03-12 19:20:51
979,Kobold Guard,Devilkin,16,Rank 2,16d6+1,97.1,94.58,93.32,2023-03-12 19:20:51
980,Lightning Mephit,Elemental,4,Rank 3,4d8+4,29.64,34.97,33.01,2023-03-12 19:20:51
981,Poltergeist,Undead,2,Rank 2,2d6+1,12.67,12.17,12.06,2023-03-12 19:20:51
982,Wyvern,Dragon,8,Rank 2,8d6+1,48.36,47.43,49.07,2023-03-12 19:20:51
983,Efreeti,Elemental,16,Rank 1,16d4+1,65.16,63.9,63.23,2023-03-12 19:20:51
984,Pseudodragon,Dragon,8,Rank 0,8d2,16.63,16.27,15.52,2023-03-12 19:20:51
985,Prince of Fear,Devilkin,6,Rank 1,6d4+4,23.25,23.56,23.8,2023-03-12 19:20:51
986,Banshee,Undead,8,Rank 4,8d10,83.75,79.08,77.94,2023-03-12 19:20:51
987,Onyx Dragon,Dragon,17,Rank 4,17d10+1,169.4,167.32,173.13,2023-03-12 19:20:51
988,Silver Archfey,Fey,15,Rank 0,15d2+1,29.85,30.84,29.59,2023-03-12 19:20:51
989,Prince of Fear,Devilkin,2,Rank 1,2d4,8.38,9.27,6.42,2023-03-12 19:20:51
990,Djinni,Elemental,16,Rank 2,16d6,97.07,95.12,96.45,2023-03-12 19:20:51
991,Nightmare,Demonic,5,Rank 1,5d4+1,18.7,20.64,20.02,2023-03-12 19:20:51
992,Magma Archfey,Fey,14,Rank 2,14d6+4,82.71,86.13,84.89,2023-03-12 19:20:51
993,Smoke Elemental,Elemental,17,Rank 2,17d6+2,100.98,103.67,100.92,2023-03-12 19:20:51
994,Hook Horror,Demonic,3,Rank 1,3d4+3,13.55,11.17,12.23,2023-03-12 19:20:51
995,Blue Faerie,Fey,14,Rank 0,14d2+1,28.45,27.51,27.8,2023-03-12 19:20:51
996,Pit Lord,Devilkin,8,Rank 1,8d4,32.63,32.24,31.54,2023-03-12 19:20:51
997,Zombie Villager,Undead,16,Rank 2,16d6+3,97.86,97.87,95.74,2023-03-12 19:20:51
998,Emerald Wyrmling,Dragon,4,Rank 1,4d4+1,16.54,15.82,15.71,2023-03-12 19:20:51
999,Djinni,Elemental,10,Rank 0,10d2+3,20.25,20.32,19.28,2023-03-12 19:20:51
